Excel row,Position,Family,Gap type,KCC description,Nearest quote description,Source code,Reasons
3,2,masonry,candidate_missing_required_spec,Разваляне на 25 см. тухлен зид,Очукване на издадени части от тухлена зидария. крайна цена,OPR3-000030,partial_overlap; unit_match; action_match; work_operation_unknown; work_spec_incomplete:dim_len; incomplete_work_identity
4,3,plaster,operation_or_scope_unverified,Полагане на варова мазилка по стени,ДОСТАВКА И ПОЛАГАНЕ НА МОЗАЕЧНА МАЗИЛКА ПО ЦОКЛИ,OPR-000825,partial_overlap; unit_match; action_match; work_scope_unknown; work_material_incomplete; work_location_incomplete; incomplete_work_identity
5,4,putty,material_or_location_unverified,Полагане на гипсова шпакловка по стени,Направа на вътрешна гипсова шпакловка по стени,OPR-000128,strong_overlap; unit_match; action_match; work_location_incomplete; incomplete_work_identity
6,5,paint,material_or_location_unverified,Полагане на латекс по стени до пълно покритие- включително грундиране,"Боядисване с латекс, вкл. грунд",OPR-001067,partial_overlap; unit_match; work_location_incomplete; incomplete_work_identity
7,6,tiling,candidate_missing_required_spec,Демонтаж на фаянс по стени - санитарни помещения h=2.25 м.,Демонтаж теракот,OPR-001087,partial_overlap; unit_match; action_match; work_location_incomplete; work_spec_incomplete:dim_len; incomplete_work_identity
13,12,concrete_floor,candidate_missing_required_spec,"Шлайфана бетонова настилка, d = 50 mm, от бетон C30/37, максимална фракция на добавъчния материал 8 mm, положена върху стоманобетонна плоча, свързана с подходящ адхезионен мост. Армиране със заварена стоманена мрежа Ø4/100/100 mm и микросинтетични полипропиленови фибри, равномерно разпределени в бетонната смес, мин. 0,9 kg/m³. Машинно заглаждане и диамантено шлайфане. Обработка със силикатен повърхностен втвърдител и безцветна защитна импрегнация. Естествен сив цвят, матов финиш. Машинно изрязване на контролни фуги и запълване с еластичен пълнител.","Шлайфане на бетонова настилка (без материал), полагане на повърхностен втвърдител",OPR2-000198,partial_overlap; unit_match; action_match; work_scope_unknown; work_material_incomplete; work_spec_incomplete:concrete; work_spec_incomplete:diameter; work_spec_incomplete:dim_len; work_spec_incomplete:dim_pair; work_exclusions_incomplete; incomplete_work_identity
14,13,screed,candidate_missing_required_spec,Полагане на саморазливна замазка- 2 см.- под,Направа на замазка за основа на настилки,OPR-000135,partial_overlap; unit_match; action_match; work_spec_incomplete:dim_len; incomplete_work_identity
16,15,tiling,wording_or_retrieval_gap,Демонтаж на теракот под- санитарни помещения,Демонтаж теракот,OPR-001087,partial_overlap; unit_match; action_match; incomplete_work_identity
17,16,plaster,material_or_location_unverified,Полагане  на варова мазилка  по таван,Направа на вътрешна мазилка по тавани,OPR-000145,partial_overlap; unit_match; action_match; work_material_incomplete; work_location_incomplete; incomplete_work_identity
18,17,putty,material_or_location_unverified,Полагане  на гипсова шпакловка по таван,Направа на вътрешна гипсова шпакловка по тавани,OPR-000148,strong_overlap; unit_match; action_match; work_location_incomplete; incomplete_work_identity
19,18,paint,material_or_location_unverified,Полагане на латекс по таван - до пълно покритие включително грундиране,"Боядисване с латекс, вкл. грунд",OPR-001067,partial_overlap; unit_match; work_location_incomplete; incomplete_work_identity
20,19,window_reveal,candidate_missing_required_spec,Обръщане на отвори около прозорци и врати в помещения стена 40см.,Обръщане на отвори около прозорци и врати в помещенията,OPR-68ae3739-517a-414c-b150-ef41665001b3,partial_overlap; unit_match; action_match; work_spec_incomplete:dim_len; incomplete_work_identity
21,20,window_reveal,candidate_missing_required_spec,Обръщане на отвори около прозорци и врати в помещения стена 25см.,Обръщане на отвори около прозорци и врати в помещенията,OPR-68ae3739-517a-414c-b150-ef41665001b3,partial_overlap; unit_match; action_match; work_spec_incomplete:dim_len; incomplete_work_identity
22,21,window_reveal,candidate_missing_required_spec,Обръщане на отвори около прозорци и врати в помещения стена 12см.,Обръщане на отвори около прозорци и врати в помещенията,OPR-68ae3739-517a-414c-b150-ef41665001b3,partial_overlap; unit_match; action_match; work_spec_incomplete:dim_len; incomplete_work_identity
26,24,plaster,operation_or_scope_unverified,Полагане на варова мазилка по стени,ДОСТАВКА И ПОЛАГАНЕ НА МОЗАЕЧНА МАЗИЛКА ПО ЦОКЛИ,OPR-000825,partial_overlap; unit_match; action_match; work_scope_unknown; work_material_incomplete; work_location_incomplete; incomplete_work_identity
27,25,putty,material_or_location_unverified,Полагане на гипсова шпакловка по стени,Направа на вътрешна гипсова шпакловка по стени,OPR-000128,strong_overlap; unit_match; action_match; work_location_incomplete; incomplete_work_identity
28,26,paint,material_or_location_unverified,Полагане на латекс по стени -до пълно покритие- включително грундиране,"Боядисване с латекс, вкл. грунд",OPR-001067,partial_overlap; unit_match; work_location_incomplete; incomplete_work_identity
29,27,concrete_floor,candidate_missing_required_spec,"Шлайфана бетонова настилка, d = 50 mm, от бетон C30/37, максимална фракция на добавъчния материал 8 mm, положена върху стоманобетонна плоча, свързана с подходящ адхезионен мост. Армиране със заварена стоманена мрежа Ø4/100/100 mm и микросинтетични полипропиленови фибри, равномерно разпределени в бетонната смес, мин. 0,9 kg/m³. Машинно заглаждане и диамантено шлайфане. Обработка със силикатен повърхностен втвърдител и безцветна защитна импрегнация. Естествен сив цвят, матов финиш. Машинно изрязване на контролни фуги и запълване с еластичен пълнител.","Шлайфане на бетонова настилка (без материал), полагане на повърхностен втвърдител",OPR2-000198,partial_overlap; unit_match; action_match; work_scope_unknown; work_material_incomplete; work_spec_incomplete:concrete; work_spec_incomplete:diameter; work_spec_incomplete:dim_len; work_spec_incomplete:dim_pair; work_exclusions_incomplete; incomplete_work_identity
30,28,granite_stairs,wording_or_retrieval_gap,Полагане на гранит -стълби  (топла връзка) - включително грундиране и замазка,Полагане на гранит -стълби към сутерен (топла връзка) - включително грундиране и замазка,OPR-2065a44d-a99c-444a-bc0d-53b0bc0038de,strong_overlap; unit_match; action_match; incomplete_work_identity
32,30,granite_stairs,wording_or_retrieval_gap,Полагане на гранит -стълби  (експозиционна зала)включително грундиране и замазка,Полагане на гранит -стълби към сутерен (топла връзка) - включително грундиране и замазка,OPR-2065a44d-a99c-444a-bc0d-53b0bc0038de,partial_overlap; unit_match; action_match; incomplete_work_identity
33,31,plaster,wording_or_retrieval_gap,"Мазилка,шпакловка грунд и латекс до пълно покритие таван","Мазилка,шпакловка грунд и латекс до пълно покритие таван",OPR-41d43b07-2642-41d9-b204-a263343bbba7,exact_match; unit_mismatch
34,32,plaster,inclusions_unverified,"Мазилка,шпакловка грунд и латекс до пълно покритие колони","ИЗКЪРПВАНЕ НА МАЗИЛКА, ВКЛ. ГРУНД",OPR-000688,partial_overlap; unit_match; work_inclusions_incomplete; incomplete_work_identity
39,37,window_reveal,candidate_missing_required_spec,Обръщане на отвори около прозорци и врати в помещения стена 25см.,Обръщане на отвори около прозорци и врати в помещенията,OPR-68ae3739-517a-414c-b150-ef41665001b3,partial_overlap; unit_match; action_match; work_spec_incomplete:dim_len; incomplete_work_identity
42,39,masonry,candidate_missing_required_spec,Разваляне на 25 см. тухлен зид,Очукване на издадени части от тухлена зидария. крайна цена,OPR3-000030,partial_overlap; unit_match; action_match; work_operation_unknown; work_spec_incomplete:dim_len; incomplete_work_identity
44,41,plaster,operation_or_scope_unverified,Полагане на варова мазилка по стени,ДОСТАВКА И ПОЛАГАНЕ НА МОЗАЕЧНА МАЗИЛКА ПО ЦОКЛИ,OPR-000825,partial_overlap; unit_match; action_match; work_scope_unknown; work_material_incomplete; work_location_incomplete; incomplete_work_identity
45,42,putty,material_or_location_unverified,Полагане на гипсова шпакловка по стени,Направа на вътрешна гипсова шпакловка по стени,OPR-000128,strong_overlap; unit_match; action_match; work_location_incomplete; incomplete_work_identity
46,43,paint,material_or_location_unverified,Полагане на латекс по стени до пълно покритие- включително грундиране,"Боядисване с латекс, вкл. грунд",OPR-001067,partial_overlap; unit_match; work_location_incomplete; incomplete_work_identity
49,46,concrete_floor,candidate_missing_required_spec,"Шлайфана бетонова настилка, d = 50 mm, от бетон C30/37, максимална фракция на добавъчния материал 8 mm, положена върху стоманобетонна плоча, свързана с подходящ адхезионен мост. Армиране със заварена стоманена мрежа Ø4/100/100 mm и микросинтетични полипропиленови фибри, равномерно разпределени в бетонната смес, мин. 0,9 kg/m³. Машинно заглаждане и диамантено шлайфане. Обработка със силикатен повърхностен втвърдител и безцветна защитна импрегнация. Естествен сив цвят, матов финиш. Машинно изрязване на контролни фуги и запълване с еластичен пълнител.","Шлайфане на бетонова настилка (без материал), полагане на повърхностен втвърдител",OPR2-000198,partial_overlap; unit_match; action_match; work_scope_unknown; work_material_incomplete; work_spec_incomplete:concrete; work_spec_incomplete:diameter; work_spec_incomplete:dim_len; work_spec_incomplete:dim_pair; work_exclusions_incomplete; incomplete_work_identity
51,48,window_reveal,candidate_missing_required_spec,Обръщане на отвори около прозорци и врати в помещения стена 25см.,Обръщане на отвори около прозорци и врати в помещенията,OPR-68ae3739-517a-414c-b150-ef41665001b3,partial_overlap; unit_match; action_match; work_spec_incomplete:dim_len; incomplete_work_identity
52,49,granite_stairs,wording_or_retrieval_gap,Полагане на гранит -стълби  (топла връзка) - включително грундиране и замазка,Полагане на гранит -стълби към сутерен (топла връзка) - включително грундиране и замазка,OPR-2065a44d-a99c-444a-bc0d-53b0bc0038de,strong_overlap; unit_match; action_match; incomplete_work_identity
55,52,plaster,material_or_location_unverified,Мазилка шпакловка грундиране и боядисване с латекс до пълно покритие по колони,Мазилка шпакловка грундиране и боядисване с латекс до пълно покритие по гръб и странични чела стълби,OPR-8c24558e-bf17-4be4-8b5c-728c54e63f50,partial_overlap; unit_match; work_location_incomplete; incomplete_work_identity
58,54,plaster,operation_or_scope_unverified,Мазилка стени,Направа на гипсова мазилка по стени,OPR-000984,strong_overlap; unit_match; work_operation_unknown; work_material_incomplete; work_location_incomplete; incomplete_work_identity
59,55,putty,wording_or_retrieval_gap,Полагане на шпакловка  по стени,Направа на финна шпакловка по стени,OPR-000985,strong_overlap; unit_match; action_match; incomplete_work_identity
60,56,primer,operation_or_scope_unverified,Полагане на грунд по стени,Доставка и полагане на битумен грунд,OPR-000958,partial_overlap; unit_match; action_match; work_scope_unknown; work_material_incomplete; work_location_incomplete; incomplete_work_identity
61,57,paint,material_or_location_unverified,Боядисване с фасаген - стени до пълно покритие,Боядисване с латексова боя по стени,OPR-000129,partial_overlap; unit_match; work_location_incomplete; incomplete_work_identity
62,58,window_reveal,candidate_missing_required_spec,Обръщане на отвори около врати в помещения стена 25см.,Обръщане на отвори около прозорци и врати в помещенията,OPR-68ae3739-517a-414c-b150-ef41665001b3,partial_overlap; unit_match; action_match; work_spec_incomplete:dim_len; incomplete_work_identity
63,59,screed,candidate_has_unrequested_spec,Полагане на циментова замазка - под  и стълбище включително грундиране,Циментова замазка 5 см.,OPR-001258,partial_overlap; unit_match; work_operation_unknown; work_spec_incomplete:dim_len; work_inclusions_incomplete; incomplete_work_identity
65,61,plaster,operation_or_scope_unverified,Мазилка по таван,Направа на вътрешна мазилка по тавани,OPR-000145,strong_overlap; unit_match; work_operation_unknown; work_location_incomplete; incomplete_work_identity
66,62,plaster,material_or_location_unverified,Мазилка шпакловка грундиране и боядисване с латекс до пълно покритие по колони,Мазилка шпакловка грундиране и боядисване с латекс до пълно покритие по гръб и странични чела стълби,OPR-8c24558e-bf17-4be4-8b5c-728c54e63f50,partial_overlap; unit_match; work_location_incomplete; incomplete_work_identity
71,66,gutter,wording_or_retrieval_gap,Демонтаж на улуци,ДЕМОНТАЖ НА ОЛУК,OPR2-000959,partial_overlap; unit_match; action_match; incomplete_work_identity
72,67,roof_ridge_cap,object_unknown_or_mismatch,Демонтаж капаци - била,ДЕМОНТАЖ НА БИЛНИ МЕТАЛНИ КАПАЦИ - ОБЛО БИЛО,OPR2-000955,partial_overlap; unit_match; action_match; work_object_unknown; incomplete_work_identity
73,68,skylight,conflicting_prices,Доставка и монтаж на покривен оберлихт - съгласно проект,Доставка и монтаж на покривен оберлихт - съгласно проект,OPR-3a9b345f-5a1b-4733-86c2-1de7f8dc8f22,exact_match; unit_match; corpus_price_disagreement; corpus_price_disagreement
75,70,waterproofing,operation_or_scope_unverified,Полагане на нова хидроизолация,Доставка и полагане на битумна хидроизолация 1-ви пласт без посипка,OPR-000959,strong_overlap; unit_match; action_match; work_scope_unknown; work_material_incomplete; work_exclusions_incomplete; incomplete_work_identity
77,72,insulation,candidate_missing_required_spec,Полагане на топлоизолация от минерална вата 20см. Между дървена конструкция,Минерална вата + труд и материали,OPR2-000908,partial_overlap; unit_match; work_operation_unknown; work_material_incomplete; work_spec_incomplete:dim_len; incomplete_work_identity
79,74,roof_ridge_cap,operation_or_scope_unverified,Полагане на капаци по била,ДОСТАВКА И МОНТАЖ БИЛНИ МЕТАЛНИ КАПАЦИ - ОБЛО БИЛО С ЦВЯТ ПО RAL,OPR2-000973,partial_overlap; unit_match; action_match; work_object_unknown; work_scope_unknown; incomplete_work_identity
82,77,fascia_board,candidate_has_unrequested_spec,"Монтаж на нови челни дъски,  байцвани и лакирани","Монтаж на челни дъски – прави или с шарка по избор на клиента, дебелина 2.5 см, включително материали",OPR2-000928,partial_overlap; unit_match; action_match; work_spec_incomplete:dim_len; incomplete_work_identity
84,79,insulation,candidate_has_unrequested_spec,Полагане на изолация XPS 5см. с мрежа от стъклофибър и шпакловка - съществуващи козирки,Топлоизолация от XPS с d = 5см,OPR-4ae1f76b-c5fd-4047-b3b1-5c2472f9a0e6,partial_overlap; unit_match; spec_match; work_operation_unknown; work_spec_incomplete:diameter; incomplete_work_identity
85,80,plaster,inclusions_unverified,Полагане на силиконова мазилка по дъна козирки - включително  грундиране,Мазилка шпакловка грундиране и боядисване с латекс до пълно покритие по гръб и странични чела стълби,OPR-8c24558e-bf17-4be4-8b5c-728c54e63f50,partial_overlap; unit_match; work_material_incomplete; work_inclusions_incomplete; incomplete_work_identity
86,81,cladding,operation_or_scope_unverified,Полагане на дъсчена обшивка стрехи (топла връзка) - байцвани и лакирани,Доставка и монтаж на дъсчена обшивка,OPR2-000513,partial_overlap; unit_match; action_match; work_scope_unknown; incomplete_work_identity
88,83,roof_vent_cap,conflicting_prices,Поставяне на шапки над  вентилационен отвор,ДОСТАВКА И МОНТАЖ НА ШАПКИ ОТ ПОЦИНКОВАНА ЛАМАРИНА ЗА КОМИНИ И ВЕНТИЛАЦИОННИ ОТВОРИ,OPR-001310,strong_overlap; unit_match; action_match; work_scope_unknown; work_material_incomplete; incomplete_work_identity; corpus_price_disagreement
90,85,drip_edge,conflicting_prices,Надулучна пола,Надулучна пола,OPR-31d9379e-0102-4584-a41b-163fa0824571,exact_match; unit_match; corpus_price_disagreement; corpus_price_disagreement
91,86,lift_platform,conflicting_prices,"Интериорна подемна платформа (предоляваща Н = 2,55 м по наклон стълбище) с 3 спирки /-0,8;0,00;+1,6/и завой на ниво 0,00","Интериорна подемна платформа (предоляваща Н = 2,55 м по наклон стълбище) с 3 спирки /-0,8;0,00;+1,6/и завой на ниво 0,00",OPR-c93469c5-7c94-4c27-a342-25c0a23951d0,exact_match; unit_match; corpus_price_disagreement; corpus_price_disagreement
93,87,scaffold,candidate_has_unrequested_spec,Фасадно скеле - монтаж и демонтаж,Монтаж и демонтаж на външно фасадно работно скеле - височина до 20 м,OPR2-000487,strong_overlap; unit_match; action_match; work_spec_incomplete:dim_len; incomplete_work_identity
102,96,putty,material_or_location_unverified,Шпакловка с лепило- цокъл,Шпакловка с гипсово лепило + труд и материали,OPR2-000909,partial_overlap; unit_match; work_material_incomplete; incomplete_work_identity
104,98,window_reveal,candidate_missing_required_spec,"Фасадно обръщане на отвори на прозорци с  EPS-3 см. с мрежа, шпакловка, както и ръбохранители около прозорците","Обръщане отвор, вкл. ръбохранители, шпакловка и латекс",OPR-001187,partial_overlap; unit_match; action_match; work_location_incomplete; work_spec_incomplete:dim_len; work_inclusions_incomplete; incomplete_work_identity
128,121,window,candidate_missing_required_spec,PVC дограма със стъклопакет 340/185 П3,PVC прозорец + монтаж,OPR2-000919,partial_overlap; unit_match; work_operation_unknown; work_spec_incomplete:variant; work_spec_incomplete:dim_pair; incomplete_work_identity
129,122,window,candidate_missing_required_spec,PVC дограма със стъклопакет 165/210 П4,PVC прозорец + монтаж,OPR2-000919,partial_overlap; unit_match; work_operation_unknown; work_spec_incomplete:variant; work_spec_incomplete:dim_pair; incomplete_work_identity
135,2,earthwork,wording_or_retrieval_gap,Обратен насип,Обратно ръчно засипване на изкопани маси. крайна цена,OPR3-000006,strong_overlap; unit_match; incomplete_work_identity
138,4,formwork,wording_or_retrieval_gap,Кофраж за основи асансьор,Кофраж за стени асансьор,OPR-9d19d0eb-1626-4666-9fbb-a73422f976c7,partial_overlap; unit_match; incomplete_work_identity
139,5,formwork,wording_or_retrieval_gap,"Кофраж за колони до кота +3,60","Кофраж за ст.б. колони от -3,60 до +0,00",OPR-000014,partial_overlap; unit_match; incomplete_work_identity
140,6,formwork,wording_or_retrieval_gap,"Кофраж за плоча, греди, пояси и плоча кота +3,60","Кофраж за ст.б. плоча и греди на +3,60",OPR-000026,partial_overlap; unit_match; incomplete_work_identity
141,7,formwork,wording_or_retrieval_gap,"Кофраж за колони до кота +6,75",Кофраж за колони окочен таван,OPR-f153388e-b598-4fab-97a8-a500b7cd055c,partial_overlap; unit_match; incomplete_work_identity
142,8,formwork,operation_or_scope_unverified,"Кофраж за плоча,  греди и пояси кота +6,75","Направа кофраж за колони, греди, пояси и други стоманобетонни елементи. крайна цена",OPR3-000012,partial_overlap; unit_match; work_operation_unknown; work_material_incomplete; incomplete_work_identity
145,11,formwork,wording_or_retrieval_gap,Кофраж за пояси окачен таван,Кофраж за колони окочен таван,OPR-f153388e-b598-4fab-97a8-a500b7cd055c,partial_overlap; unit_match; incomplete_work_identity
146,12,formwork,operation_or_scope_unverified,Кофраж за ивични основи ев. Стълбища,Направа кофраж за фундаменти и ивични основи. крайна цена,OPR3-000011,partial_overlap; unit_match; work_operation_unknown; incomplete_work_identity
148,13,reinforcement,candidate_has_unrequested_spec,Изработка и монтаж на армировка,"Доставка, изработка и монтаж на армировка от стомана В500В",OPR2-000016,strong_overlap; unit_match; action_match; work_scope_unknown; work_material_incomplete; work_spec_incomplete:concrete; work_spec_incomplete:voltage; incomplete_work_identity
150,14,concrete,candidate_missing_required_spec,Подложен бетон В15,Доставка и полагане на подложен бетон,OPR2-000773,partial_overlap; unit_match; work_operation_unknown; work_scope_unknown; work_spec_incomplete:concrete; incomplete_work_identity
151,15,concrete,wording_or_retrieval_gap,Бетон В25 за единичен фундамент асансьор,Бетон В25 за стени асансьор,OPR-fdb86c62-19ab-40d9-80fd-f4df20f00a2e,partial_overlap; unit_match; spec_match; incomplete_work_identity
152,16,concrete,wording_or_retrieval_gap,"Бетон В25 за колони до кота +3,60",Бетон В25 за стени асансьор,OPR-fdb86c62-19ab-40d9-80fd-f4df20f00a2e,partial_overlap; unit_match; spec_match; incomplete_work_identity
153,17,concrete,candidate_missing_required_spec,"Бетон В25 за греди и пояси и плоча кота +3,60","Доставка и полагане на бетон С 20/25 за ст.б. плоча и греди на +3,60",OPR-000028,partial_overlap; unit_match; work_operation_unknown; work_scope_unknown; work_spec_incomplete:concrete; work_spec_incomplete:dim_pair; incomplete_work_identity
154,18,concrete,wording_or_retrieval_gap,"Бетон В25 за колони до кота +6,75",Бетон В25 за стени асансьор,OPR-fdb86c62-19ab-40d9-80fd-f4df20f00a2e,partial_overlap; unit_match; spec_match; incomplete_work_identity
155,19,concrete,wording_or_retrieval_gap,"Бетон В25 за греди и пояси и плоча кота +6,75",Бетон В25 за стени асансьор,OPR-fdb86c62-19ab-40d9-80fd-f4df20f00a2e,partial_overlap; unit_match; spec_match; incomplete_work_identity
157,21,concrete,wording_or_retrieval_gap,Бетон В25 за ивични фундаменти ев. Стълбища,Бетон В25 за стени асансьор,OPR-fdb86c62-19ab-40d9-80fd-f4df20f00a2e,partial_overlap; unit_match; spec_match; incomplete_work_identity
161,24,skylight,material_or_location_unverified,"Изготвяне, доставка и монтаж  на подложни греди,оберлихт","Изготвяне, доставка и монтаж  на стоманени рамки,оберлихт",OPR-9bbe80e9-3626-40e5-9fc7-a7c690383d3f,partial_overlap; unit_match; action_match; work_material_incomplete; incomplete_work_identity
162,25,ceiling,object_unknown_or_mismatch,"Изготвяне, доставка и монтаж  на греди, окачен таван","Изготвяне, доставка и монтаж  на рифелова ламарина",OPR-f382552a-49d1-434e-a09a-da0384c59d41,partial_overlap; unit_match; action_match; work_object_unknown; incomplete_work_identity
166,28,steel_beam,object_unknown_or_mismatch,"Изготвяне, доставка и монтаж  на стоманени греди","Изготвяне, доставка и монтаж  на рифелова ламарина",OPR-f382552a-49d1-434e-a09a-da0384c59d41,partial_overlap; unit_match; action_match; work_object_unknown; work_material_incomplete; incomplete_work_identity
167,29,steel_purlin,wording_or_retrieval_gap,"Изготвяне, доставка и монтаж  на стоманени столици","Изготвяне, доставка и монтаж  на стоманени столици,оберлихт",OPR-618273d7-6391-4507-b275-0af3263b25c3,strong_overlap; unit_match; action_match; incomplete_work_identity
169,31,railing,conflicting_prices,"Изготвяне, доставка и монтаж  на метален парапет","Изготвяне, доставка и монтаж  на метален парапет",OPR-0bb663b5-8d62-4c5f-93f0-1217b1f918e8,exact_match; unit_match; corpus_price_disagreement; corpus_price_disagreement
174,34,concrete,wording_or_retrieval_gap,Бетон В25 за ивични фундаменти рампа,Бетон В25 за стени асансьор,OPR-fdb86c62-19ab-40d9-80fd-f4df20f00a2e,partial_overlap; unit_match; spec_match; incomplete_work_identity
175,35,concrete,wording_or_retrieval_gap,Бетон В25 за бетонова настилка рампа,Бетон В25 за стени асансьор,OPR-fdb86c62-19ab-40d9-80fd-f4df20f00a2e,partial_overlap; unit_match; spec_match; incomplete_work_identity
177,36,reinforcement,candidate_has_unrequested_spec,Изработка и монтаж на армировка,"Доставка, изработка и монтаж на армировка от стомана В500В",OPR2-000016,strong_overlap; unit_match; action_match; work_scope_unknown; work_material_incomplete; work_spec_incomplete:concrete; work_spec_incomplete:voltage; incomplete_work_identity
183,3,cable,candidate_has_unrequested_spec,Изтегляне на кабели в монтирани тръби,Изтегляне на кабел до 4x185мм2 в тръби,OPR-001035,partial_overlap; unit_match; work_spec_incomplete:voltage; work_spec_incomplete:dim_pair; incomplete_work_identity
194,,switchgear,conflicting_prices,- Автоматичен прекъсвач с вградена дефектно токова защита - EZ9 RCBO; AC; C; 2p; 16A; 30mA,- Автоматичен прекъсвач с вградена дефектно токова защита - EZ9 RCBO; AC; C; 2p; 16A; 30mA,OPR-1eec7e8a-f159-4cec-ac86-c5d144b46460,exact_match; unit_match; corpus_price_disagreement; corpus_price_disagreement
207,,earthing,wording_or_retrieval_gap,- Направа заземление на  ел.таблo,Направа на заземление с един кол,OPR-001044,partial_overlap; unit_match; action_match; incomplete_work_identity
208,,cable,wording_or_retrieval_gap,"- Свързване проводник към табло до 2,5мм²","Свързване проводник към съоръжение до 2,5мм²",OPR-e142097d-17f1-4834-8700-57bc94f34ee3,partial_overlap; unit_match; incomplete_work_identity
209,,cable,wording_or_retrieval_gap,- Свързване проводник към табло до 16мм²,Свързване проводник към съоръжение до 16мм²,OPR-bd724aba-f714-4a33-9cd5-0332f8e09a69,partial_overlap; unit_match; incomplete_work_identity
218,,cable,wording_or_retrieval_gap,"- Свързване проводник към табло до 2,5мм²","Свързване проводник към съоръжение до 2,5мм²",OPR-e142097d-17f1-4834-8700-57bc94f34ee3,partial_overlap; unit_match; incomplete_work_identity
219,,cable,wording_or_retrieval_gap,- Свързване проводник към табло до 16мм²,Свързване проводник към съоръжение до 16мм²,OPR-bd724aba-f714-4a33-9cd5-0332f8e09a69,partial_overlap; unit_match; incomplete_work_identity
226,16,fastener,candidate_missing_required_spec,"Тоководеща монофазна шина 1,2 или 3м с DALI канал,
комплект с крепежни елементи и крайни тапи","Доставка и монтаж PVC подови первази, включително крепежни елементи, тапи, ъгли и др.",OPR2-000190,partial_overlap; unit_match; work_object_unknown; work_operation_unknown; work_scope_unknown; work_material_incomplete; work_spec_incomplete:dim_len; work_inclusions_incomplete; incomplete_work_identity
250,40,wall_opening,operation_or_scope_unverified,Направа на отвор в стената за монтаж на конзоли и разклонителни кутии,Доставка и монтаж на разклонителни кутии,OPR-17ed76c6-aa8f-471d-a8cd-6cbac7cb03d7,partial_overlap; unit_match; action_match; work_object_unknown; work_scope_unknown; incomplete_work_identity
265,55,cable,candidate_has_unrequested_spec,Изтегляне на кабели в монтирани тръби,Изтегляне на кабел до 4x185мм2 в тръби,OPR-001035,partial_overlap; unit_match; work_spec_incomplete:voltage; work_spec_incomplete:dim_pair; incomplete_work_identity
274,63,cable_tray,wording_or_retrieval_gap,Доставка и монтаж на вертикален Т-преход за каб. скара 200x60 mm,"Доставка и монтаж на хоризонтален, Т-преход за каб. скара 200x60 mm",OPR-744445af-4203-4e04-b93e-0e96a9fc77cc,partial_overlap; unit_match; action_match; spec_match; incomplete_work_identity
276,,,candidate_missing_required_spec,"- Комплект болт, гайка и шайба осигурителна М6х12 mm - 1160 бр.","Болтове, гайки, уплътнения",OPR-000365,partial_overlap; unit_match; work_object_unknown; work_spec_incomplete:dim_len; incomplete_work_identity
277,,fastener,conflicting_prices,- Анкерен болт М10X10 mm - 224 бр.,- Анкерен болт М10X10 mm - 224 бр.,OPR-6223587b-294e-4841-8d58-b349c148452f,exact_match; unit_match; corpus_price_disagreement; corpus_price_disagreement
280,,bracket,candidate_missing_required_spec,- Конзола за стена за кабелна скара 200 mm - 108 бр.,Доставка и монтаж на конзола кръгла за стена гипсокартон,OPR2-000351,partial_overlap; unit_match; work_operation_unknown; work_scope_unknown; work_material_incomplete; work_spec_incomplete:dim_len; incomplete_work_identity
289,69,router,candidate_missing_required_spec,Доставка и монтаж на безжичен рутер 10/100/1000Mbps,"Доставка и монтаж на безжичен паник бутон/дистанционно:_x000D_
- Обхват: 30m.",OPR-fcf64d80-98ae-4ef6-a88d-a0ce5d7adad6,partial_overlap; unit_match; action_match; work_object_unknown; work_spec_incomplete:dim_len; work_spec_incomplete:dim_pair; incomplete_work_identity
290,70,socket,wording_or_retrieval_gap,Доставка и монтаж на HDMI розетка с 1 гнездо; за вграждане,Доставка и монтаж на интернет розетка с 1 гнездо; букса RJ45; за вграждане; категория: 5e,OPR-f75cc2db-6b59-45dc-bb5b-9ba9db93d738,partial_overlap; unit_match; action_match; incomplete_work_identity
292,72,cable,conflicting_prices,Доставка на кабел сиг.каб. HDMI,Доставка на кабел сиг.каб. HDMI,OPR-40ab8bb3-d872-4023-ae47-85b71ba56afa,exact_match; unit_match; corpus_price_disagreement; corpus_price_disagreement
295,75,cable,candidate_has_unrequested_spec,Изтегляне на кабели в монтирани тръби,Изтегляне на кабел до 4x185мм2 в тръби,OPR-001035,partial_overlap; unit_match; work_spec_incomplete:voltage; work_spec_incomplete:dim_pair; incomplete_work_identity
302,81,mesh,conflicting_prices,"Доставка и монтаж на мрежово хранилище за данни NAS; за монтаж в 19'' RACK шкаф;поддържа до 12 диска 2,5''/3,5'' SATA;","Доставка и монтаж на мрежово хранилище за данни NAS; за монтаж в 19'' RACK шкаф;поддържа до 12 диска 2,5''/3,5'' SATA;",OPR-5d09f130-d9bd-419a-8ea5-1077f6161431,exact_match; unit_match; corpus_price_disagreement; corpus_price_disagreement
306,85,network_switch,conflicting_prices,Доставка и монтаж на суич; 24 - порта PoE; 10/100/1000 Mbps; за монтаж в комуникационен шкаф,Доставка и монтаж на суич; 24 - порта PoE; 10/100/1000 Mbps; за монтаж в комуникационен шкаф,OPR-4b78638c-315a-439a-8e32-96dbf8bdcc83,exact_match; unit_match; corpus_price_disagreement; corpus_price_disagreement
308,87,server,conflicting_prices,Доставка и монтаж на сървър; за монтаж в 19'' комуникационен шкаф,Доставка и монтаж на сървър; за монтаж в 19'' комуникационен шкаф,OPR-56e68537-39af-43ab-b650-364c8ecef6d3,exact_match; unit_match; corpus_price_disagreement; corpus_price_disagreement
310,88,storage_drive,conflicting_prices,"Доставка и монтаж на твърд диск за вграждане във мрежово хранилище за данни NAS:
- капацитет: 10TB","Доставка и монтаж на твърд диск за вграждане във мрежово хранилище за данни NAS:
- капацитет: 10TB",OPR-1f4529ba-5951-4249-9eac-79e34e702d36,exact_match; unit_match; corpus_price_disagreement; corpus_price_disagreement
314,92,storage_drive,conflicting_prices,"Доставка и монтаж на твърд диск за вграждане във видеорекордер:
- капацитет: 10 TB","Доставка и монтаж на твърд диск за вграждане във видеорекордер:
- капацитет: 10 TB",OPR-6e4bd4df-7d5c-47cf-9f38-5089fcea4e05,exact_match; unit_match; corpus_price_disagreement; corpus_price_disagreement
318,96,ups,candidate_missing_required_spec,"Доставка и монтаж на непрекъсваемо токозахранващ източник (UPS):_x000D_
- капацитет: 6000VA/4800W",Доставка и монтаж на ламаринени капаци за колони,OPR-000964,partial_overlap; unit_match; action_match; work_object_unknown; work_spec_incomplete:wattage; incomplete_work_identity
319,97,mounting_plate,conflicting_prices,Доставка и монтаж на комплект планки за монтаж на UPS в 19'' комуникационен шкаф,Доставка и монтаж на комплект планки за монтаж на UPS в 19'' комуникационен шкаф,OPR-1f6bd5e2-1459-488a-b375-fe16c92bb5c9,exact_match; unit_match; corpus_price_disagreement; corpus_price_disagreement
322,100,,conflicting_prices,Доставка и монтаж на тава фиксиран за предно закачване,Доставка и монтаж на тава фиксиран за предно закачване,OPR-70772f89-7c8b-446c-bde6-8ebeb9ec2943,exact_match; unit_match; corpus_price_disagreement
333,110,fire_detector,wording_or_retrieval_gap,Доставка и монтаж на линеен оптично димен пожароизвестител; комплект,Доставка и монтаж на пожароизвестител адресируем; оптично-димен; самокомпенсация на замърсяването,OPR-1f249ef3-fd46-4136-ab58-c40b0a455f9a,partial_overlap; unit_match; action_match; incomplete_work_identity
336,113,sounder,conflicting_prices,Доставка и монтаж на светлинно-звуков сигнализатор; външен монтаж,Доставка и монтаж на светлинно-звуков сигнализатор; външен монтаж,OPR-8d363595-126a-4d13-b291-93f05813955e,exact_match; unit_match; corpus_price_disagreement; corpus_price_disagreement
339,116,cable,candidate_has_unrequested_spec,Изтегляне на кабели в монтирани тръби,Изтегляне на кабел до 4x185мм2 в тръби,OPR-001035,partial_overlap; unit_match; work_spec_incomplete:voltage; work_spec_incomplete:dim_pair; incomplete_work_identity
361,137,cable,candidate_has_unrequested_spec,Изтегляне на кабели в монтирани тръби,Изтегляне на кабел до 4x185мм2 в тръби,OPR-001035,partial_overlap; unit_match; work_spec_incomplete:voltage; work_spec_incomplete:dim_pair; incomplete_work_identity
366,142,mesh,object_unknown_or_mismatch,"Доставка и монтаж на мрежов трансформатор с предпазител:_x000D_
- Мощност:45 VA;_x000D_
- Захранващо напрежение: 220V;_x000D_
- Вторично напрежение: 16,5V.",Доставка и монтаж на електронен трансформатор за луни 220V / 12V,OPR2-000357,partial_overlap; unit_match; action_match; work_object_unknown; work_spec_incomplete:voltage; incomplete_work_identity
372,147,cable,conflicting_prices,Доставка на кабел J-Y(St)YFR 2x0.80mm²,Доставка на кабел J-Y(St)YFR 2x0.80mm²,OPR-1396a87e-e91d-4829-87db-e690240903c1,exact_match; unit_match; corpus_price_disagreement; corpus_price_disagreement
375,150,cable,candidate_has_unrequested_spec,Изтегляне на кабели в монтирани тръби,Изтегляне на кабел до 4x185мм2 в тръби,OPR-001035,partial_overlap; unit_match; work_spec_incomplete:voltage; work_spec_incomplete:dim_pair; incomplete_work_identity
386,160,lightning_terminal,candidate_missing_required_spec,"Доставка и монтаж на мълниеприемник с изпреварващо действие, ниво на защита: III, време за изпреварване  ΔТ=45μs при h(m) =3, защитен радиус Rз= 22m",ДОСТАВКА И МОНТАЖ НА АКТИВЕН МЪЛНИЕПРИЕМНИК,OPR-000893,partial_overlap; unit_match; action_match; work_spec_incomplete:dim_len; incomplete_work_identity
390,164,fastener,conflicting_prices,Доставка и монтаж на комплект крепежни елементи,Доставка и монтаж на комплект крепежни елементи,OPR-8cf3130b-ce0d-473d-84d5-185f14446dce,exact_match; unit_match; corpus_price_disagreement; corpus_price_disagreement
391,165,cable,candidate_has_unrequested_spec,Полагане на проводник по монтирани крепежни елементи,Полагане на кабел до 3x1.5,OPR-000999,partial_overlap; unit_match; action_match; work_spec_incomplete:dim_pair; incomplete_work_identity
392,166,terminal_clamp,conflicting_prices,Доставка и монтаж на контролна клема,ДОСТАВКА И МОНТАЖ НА КОНТРОЛНА КЛЕМА,OPR-000899,exact_match; unit_match; corpus_price_disagreement; corpus_price_disagreement
395,169,earthwork,candidate_missing_required_spec,"Направа на изкоп 0,80х0,40m, с обратно зариване и трамбоване","Направа изкоп 0,8/0,4",OPR-000153,partial_overlap; unit_match; action_match; work_spec_incomplete:dim_len; incomplete_work_identity
403,176,inverter,wording_or_retrieval_gap,Доставка и монтаж на инвертор трифазен многострингов SUN-40K-SG01HP3,Доставка и монтаж на стрингов инвертор,OPR2-000893,partial_overlap; unit_match; action_match; incomplete_work_identity
408,181,cable,candidate_has_unrequested_spec,Изтегляне на кабели в монтирани тръби,Изтегляне на кабел до 4x185мм2 в тръби,OPR-001035,partial_overlap; unit_match; work_spec_incomplete:voltage; work_spec_incomplete:dim_pair; incomplete_work_identity
409,182,cable,candidate_has_unrequested_spec,Полагане на соларни кабели открито по конструкция,Полагане на кабел до 3x1.5,OPR-000999,partial_overlap; unit_match; action_match; work_spec_incomplete:dim_pair; incomplete_work_identity
410,183,cable,candidate_has_unrequested_spec,Доставка на кабел СВТ5x25mm²,Полагане и изтегляне кабел СВТ 5х25мм2 в PVC тръба ф40мм по мазилка,OPR-000175,strong_overlap; unit_match; spec_match; work_operation_unknown; work_scope_unknown; work_material_incomplete; work_spec_incomplete:dim_len; work_spec_incomplete:voltage; work_spec_incomplete:diameter; incomplete_work_identity
412,185,cable,candidate_has_unrequested_spec,Изтегляне на кабели в монтирани тръби,Изтегляне на кабел до 4x185мм2 в тръби,OPR-001035,partial_overlap; unit_match; work_spec_incomplete:voltage; work_spec_incomplete:dim_pair; incomplete_work_identity
418,189,cable,conflicting_prices,Контрол на импедансът Zs на контур 'фаза-защитен проводник',Контрол на импедансът Zs на контур 'фаза-защитен проводник',OPR-416eea67-7a5c-4a36-b2a0-8bde9371c6ae,exact_match; unit_match; corpus_price_disagreement; corpus_price_disagreement
424,,pipe,candidate_has_unrequested_spec,Ф63,ПЕВП Тръба Ф63 SDR17 / PN10 - 100m-ролка,OPR2-000719,strong_overlap; unit_match; spec_match; work_spec_incomplete:sdr; work_spec_incomplete:dim_len; incomplete_work_identity
425,,pipe,candidate_missing_required_spec,Ф20,РЕ Адаптор женски PN10 40 x 1”,OPR2-000638,partial_overlap; unit_mismatch; spec_match; work_object_unknown; work_material_incomplete; work_spec_incomplete:diameter; work_spec_incomplete:dim_pair; incomplete_work_identity
426,2,pipe,candidate_missing_required_spec,Поцинковани тръби-Ф2'',"ДОСТАВКА И МОНТАЖ НА ПОЦИНКОВАНИ ТРЪБИ 2"". крайна цена",OPR3-001217,partial_overlap; unit_match; work_operation_unknown; work_scope_unknown; work_spec_incomplete:diameter; incomplete_work_identity
429,,pipe,candidate_missing_required_spec,Ф32,Монтаж полипропиленови тръби на челна заварка в открити канали ф 32 мм,OPR-000268,partial_overlap; unit_match; spec_match; work_operation_unknown; work_spec_incomplete:pressure; work_spec_incomplete:dim_len; incomplete_work_identity
430,,pipe,candidate_missing_required_spec,Ф25,Доставка и монтаж. Гофрирани тръби ø25,OPR2-000887,partial_overlap; unit_match; spec_match; work_operation_unknown; work_scope_unknown; work_material_incomplete; work_spec_incomplete:pressure; incomplete_work_identity
431,,pipe,candidate_missing_required_spec,ф20,Направа вътрешна водопроводна инсталация с полипропиленови тръби Ф20мм за топла/студена вода. крайна цена,OPR3-000413,partial_overlap; unit_match; spec_match; work_operation_unknown; work_location_incomplete; work_spec_incomplete:pressure; work_spec_incomplete:dim_len; incomplete_work_identity
433,,pipe,candidate_missing_required_spec,Ф32,Монтаж полипропиленови тръби на челна заварка в открити канали ф 32 мм,OPR-000268,partial_overlap; unit_match; spec_match; work_operation_unknown; work_spec_incomplete:pressure; work_spec_incomplete:dim_len; incomplete_work_identity
434,,pipe,candidate_missing_required_spec,ф20,Направа вътрешна водопроводна инсталация с полипропиленови тръби Ф20мм за топла/студена вода. крайна цена,OPR3-000413,partial_overlap; unit_match; spec_match; work_operation_unknown; work_location_incomplete; work_spec_incomplete:pressure; work_spec_incomplete:dim_len; incomplete_work_identity
436,,pipe,candidate_missing_required_spec,Ф25,Доставка и монтаж. Гофрирани тръби ø25,OPR2-000887,partial_overlap; unit_match; spec_match; work_operation_unknown; work_scope_unknown; work_material_incomplete; work_spec_incomplete:pressure; incomplete_work_identity
437,,pipe,candidate_missing_required_spec,ф20,Направа вътрешна водопроводна инсталация с полипропиленови тръби Ф20мм за топла/студена вода. крайна цена,OPR3-000413,partial_overlap; unit_match; spec_match; work_operation_unknown; work_location_incomplete; work_spec_incomplete:pressure; work_spec_incomplete:dim_len; incomplete_work_identity
439,,insulation,candidate_missing_required_spec,Ф35,ДОСТАВКА И МОНТАЖ НА ТОПЛОИЗОЛАЦИОННА СИСТЕМА ТИП EPS С ДЕБ. 3СМ ПО ЦОКЪЛ,OPR-000707,partial_overlap; unit_match; thin_content_coverage; work_operation_unknown; work_scope_unknown; work_spec_incomplete:diameter; work_spec_incomplete:dim_len; incomplete_work_identity
440,,insulation,candidate_missing_required_spec,Ф28,ДОСТАВКА И МОНТАЖ НА ТОПЛОИЗОЛАЦИОННА СИСТЕМА ТИП EPS С ДЕБ. 3СМ ПО ЦОКЪЛ,OPR-000707,partial_overlap; unit_match; thin_content_coverage; work_operation_unknown; work_scope_unknown; work_spec_incomplete:diameter; work_spec_incomplete:dim_len; incomplete_work_identity
441,,insulation,candidate_missing_required_spec,Ф22,ДОСТАВКА И МОНТАЖ НА ТОПЛОИЗОЛАЦИОННА СИСТЕМА ТИП EPS С ДЕБ. 3СМ ПО ЦОКЪЛ,OPR-000707,partial_overlap; unit_match; thin_content_coverage; work_operation_unknown; work_scope_unknown; work_spec_incomplete:diameter; work_spec_incomplete:dim_len; incomplete_work_identity
443,,insulation,no_retrieved_candidate,Ф35,,,no_candidates
444,,insulation,incompatible_candidate,Ф28,Доставка и монтаж на коляно медно прес ф28,OPR-000605,partial_overlap; unit_mismatch; spec_match; work_object_conflict:insulation:elbow
445,,insulation,work_context_missing,Ф22,Ф22,OPR-19ffbeaf-48e0-4f68-8c8c-3f99889194e9,work_context_missing
458,11,boiler,candidate_missing_required_spec,"Комбиниран бойлер - виж част ОВК 11 ""Комбиниран бойлер - виж част ОВК Бойлер за слънчева инсталация, с  воден обем 500л, вертикален с една  медна серпентина, неръждавейка, с върхов ел. нагревател 6кВт, Ру 1 MPa, максимална допустима температура за съда 95ºС, макс. допустима температура за серпентината 200ºС, минимално тестово налягане за съда 12атс, за серпентината 38атс, максимално допустимо работно налягане за съда 10атс, за серпентината,  25атс, пробки са темп.сензори
"" бр. 1,00",Доставка и монтаж комбиниран бойлер 260л,OPR-000239,partial_overlap; unit_match; work_operation_unknown; work_scope_unknown; work_material_incomplete; work_spec_incomplete:power; work_spec_incomplete:inch_connection; incomplete_work_identity
460,13,basin,inclusions_unverified,Смесител за кухненска мивка,Кухненска мивка включително сифон,OPR-a43f6037-a80b-4f85-8843-47eb9ac31c15,partial_overlap; unit_match; work_inclusions_incomplete; incomplete_work_identity
466,19,pump,conflicting_prices,Циркулационна помпа,Циркулационна помпа,OPR-000290,exact_match; unit_match; corpus_price_disagreement; corpus_price_disagreement
468,,compensator,operation_or_scope_unverified,Ф32,Доставка и монтаж капкоуловител ф32,OPR-000305,partial_overlap; unit_match; spec_match; work_object_unknown; work_operation_unknown; work_scope_unknown; incomplete_work_identity
469,,compensator,candidate_has_unrequested_spec,ф20,СК без изпразнител 1/2'' ф20,OPR-000278,partial_overlap; unit_match; spec_match; work_object_unknown; work_spec_incomplete:inch_connection; work_spec_incomplete:dim_pair; work_exclusions_incomplete; incomplete_work_identity
472,23,pipe,candidate_has_unrequested_spec,Укрепване тръбопроводи,Доставка и монтаж двупластови тръби ф250РР,OPR-000261,strong_overlap; unit_match; action_match; work_operation_unknown; work_scope_unknown; work_spec_incomplete:diameter; incomplete_work_identity
474,1,pipe,candidate_missing_required_spec,ПЕВП - Ф63 - включително изкоп и засипване,"Безотточен изгребен резервоар - 6,5 m3/d - включително изкоп и засипване съгласно  изискванията на фирмата производител.",OPR-45dad655-5199-4647-8069-35dd62cdeec5,partial_overlap; unit_mismatch; work_object_unknown; work_material_incomplete; work_spec_incomplete:dim_vol; work_spec_incomplete:diameter; work_spec_incomplete:flow_m3d; work_inclusions_incomplete; incomplete_work_identity
476,,,object_unknown_or_mismatch,СК ф2``,ОК ф2``,OPR-07ab99f3-1e4f-4011-b3b0-1c0e90813161,partial_overlap; unit_match; spec_match; work_object_unknown; incomplete_work_identity
480,4,strainer,object_unknown_or_mismatch,Мрежест филтър ф2``,ОК ф2``,OPR-07ab99f3-1e4f-4011-b3b0-1c0e90813161,partial_overlap; unit_match; spec_match; work_object_unknown; incomplete_work_identity
481,5,water_meter,candidate_has_unrequested_spec,Водомер (с дистанционно отчитане),Доставка и монтаж на водомер DN20 - Qз=4m3/h с възможност за дистанционно отчитане,OPR2-000832,strong_overlap; unit_match; work_operation_unknown; work_scope_unknown; work_spec_incomplete:dim_vol; work_spec_incomplete:diameter; work_spec_incomplete:flow_m3h; incomplete_work_identity
482,6,water_meter,candidate_has_unrequested_spec,Водомерна шахта - по детайл - включително изкоп и обратен насип,"Безотточен изгребен резервоар - 6,5 m3/d - включително изкоп и засипване съгласно  изискванията на фирмата производител.",OPR-45dad655-5199-4647-8069-35dd62cdeec5,partial_overlap; unit_match; work_object_unknown; work_spec_incomplete:dim_vol; work_spec_incomplete:flow_m3d; work_inclusions_incomplete; incomplete_work_identity
483,7,anchor_block,operation_or_scope_unverified,Опорен блок,Доставка и монтаж на опорен блок,OPR2-000825,strong_overlap; unit_match; work_operation_unknown; work_scope_unknown; incomplete_work_identity
485,9,pipe,object_unknown_or_mismatch,Сигнална лента водопровод,Сигнална лента,OPR-000212,partial_overlap; unit_match; work_object_unknown; incomplete_work_identity
491,,pipe,incompatible_candidate,ф250,Доставка и монтаж на PVC тръби до ф32. крайна цена,OPR3-000453,partial_overlap; unit_match; spec_conflict; domain_conflict:earthworks:plumbing; work_operation_bundle_conflict; work_spec_conflict:diameter
492,,pipe,incompatible_candidate,ф160,Доставка и монтаж на PVC тръби до ф32. крайна цена,OPR3-000453,partial_overlap; unit_match; spec_conflict; domain_conflict:earthworks:plumbing; work_operation_bundle_conflict; work_spec_conflict:diameter
495,,pipe,candidate_has_unrequested_spec,ф110,PVC Тръба SN4 Ø110mm,OPR2-000736,partial_overlap; unit_match; spec_match; work_spec_incomplete:dim_len; incomplete_work_identity
496,,pipe,material_or_location_unverified,ф50,Тръба PVS SN4 Ф50,OPR-ea8620ba-c64b-483c-bde6-a49394ffff79,partial_overlap; unit_match; spec_match; work_material_incomplete; incomplete_work_identity
497,,pipe,operation_or_scope_unverified,ф32,Доставка и монтаж на PVC тръби до ф32. крайна цена,OPR3-000453,strong_overlap; unit_match; spec_match; work_operation_unknown; work_scope_unknown; incomplete_work_identity
499,,,work_context_missing,ф110,ф110,OPR-c90413f6-a882-4355-b627-22334eb17b42,work_context_missing
501,,pipe,operation_or_scope_unverified,ф110,Направа /доставка и монтаж/ на вътрешна и външна канализация с РVC тръби Ф110 - SN4. крайна цена,OPR3-000448,partial_overlap; unit_match; spec_match; work_operation_unknown; work_scope_unknown; work_location_incomplete; incomplete_work_identity
503,,downpipe,operation_or_scope_unverified,ф100,"Доставка и монтаж водосточни тръби от поцинкована ламарина до Ф100, укрепване и всички необходими дейности за монтажа",OPR2-000055,strong_overlap; unit_match; spec_match; work_operation_unknown; work_scope_unknown; work_material_incomplete; incomplete_work_identity
508,,,candidate_missing_required_spec,РШ 160/400 включително изкоп и обратен насип,"Безотточен изгребен резервоар - 6,5 m3/d - включително изкоп и засипване съгласно  изискванията на фирмата производител.",OPR-45dad655-5199-4647-8069-35dd62cdeec5,partial_overlap; unit_match; work_object_unknown; work_spec_incomplete:dim_vol; work_spec_incomplete:flow_m3d; work_spec_incomplete:dim_pair; work_inclusions_incomplete; incomplete_work_identity
512,11,treatment_plant,candidate_missing_required_spec,"Локално пречиствателно съоръжение - 1,2 m3/d - включително изкоп и засипване съгласно изискванията на фирмата производител.",Пътнически асансьор 5 спирки съобразен с изискванията за достъпна среда,OPR-000123,partial_overlap; unit_match; thin_content_coverage; work_object_unknown; work_operation_unknown; work_spec_incomplete:dim_vol; work_spec_incomplete:flow_m3d; work_inclusions_incomplete; incomplete_work_identity
520,1,,conflicting_prices,"Доставка на Вътрешно тяло за VRF за високостенен монтаж Qох=2,2 kW Qот=2,5 kW , V=408 m3//h, р-ри WxDxH  837x308x189 mm","Доставка на Вътрешно тяло за VRF за високостенен монтаж Qох=2,2 kW Qот=2,5 kW , V=408 m3//h, р-ри WxDxH  837x308x189 mm",OPR-34d2cbe7-9dd2-496a-ba03-6404979e7de6,exact_match; unit_match; corpus_price_disagreement
521,2,,conflicting_prices,"Доставка на Вътрешно тяло за VRF за високостенен монтаж Qох=3,6 kW Qот=4,0 kW , V=468 m3//h, р-ри WxDxH  837x308x189 mm","Доставка на Вътрешно тяло за VRF за високостенен монтаж Qох=3,6 kW Qот=4,0 kW , V=468 m3//h, р-ри WxDxH  837x308x189 mm",OPR-1e0cc242-fa13-4302-b96d-22b306bb61f6,exact_match; unit_match; corpus_price_disagreement
522,3,,candidate_missing_required_spec,"Доставка на Вътрешно тяло за VRF тип компактна касета 60х60 Qох=2,8 kW Qот=3,2 kW , V=450 m3//h, р-ри WxDxH  570x214x570 mm  декоративен панел.",Демонтаж и повторен монтаж климатик стенен тип - вътрешно тяло,OPR2-000275,partial_overlap; unit_match; work_object_unknown; work_operation_unknown; work_scope_unknown; work_spec_incomplete:dim_vol; work_spec_incomplete:power; work_spec_incomplete:dim_len; work_spec_incomplete:dim_pair; incomplete_work_identity
523,4,,conflicting_prices,"Доставка на Вътрешно тяло за VRF тип компактна касета 60х60 Qох=3,6 kW Qот=4,0 kW , V=480 m3//h, р-ри WxDxH  570x214x570 mm  декоративен панел.","Доставка на Вътрешно тяло за VRF тип компактна касета 60х60 Qох=3,6 kW Qот=4,0 kW , V=480 m3//h, р-ри WxDxH  570x214x570 mm  декоративен панел.",OPR-4b48b8df-3fba-4cfa-9957-6cc3f179faf3,exact_match; unit_match; corpus_price_disagreement
524,5,,conflicting_prices,"Доставка на Вътрешно тяло за VRF тип компактна касета 60х60 Qох=4,5 kW Qот=5,0 kW , V=600 m3//h, р-ри WxDxH  570x214x570 mm  декоративен панел","Доставка на Вътрешно тяло за VRF тип компактна касета 60х60 Qох=4,5 kW Qот=5,0 kW , V=600 m3//h, р-ри WxDxH  570x214x570 mm  декоративен панел",OPR-26d84085-6277-43b2-b372-b6146e4e7531,exact_match; unit_match; corpus_price_disagreement
525,6,heat_pump,conflicting_prices,"Доставка на Външно тяло VRF термопомпа / двътръбно/ Qох=56 kW Qот=63 kW Nел=14.69 kW /380 V WxHxD-1240x1745x760 мм,300 кг, и метална конструкция , Ел. Нагревател на кондензната тава 230 V                                                                                         - включително отливане бетонен фундамент","Доставка на Външно тяло VRF термопомпа / двътръбно/ Qох=56 kW Qот=63 kW Nел=14.69 kW /380 V WxHxD-1240x1745x760 мм,300 кг, и метална конструкция , Ел. Нагревател на кондензната тава 230 V                                                                                         - включително отливане бетонен фундамент",OPR-c64419f7-fb2e-4215-928e-82356c9b414a,exact_match; unit_match; corpus_price_disagreement; corpus_price_disagreement
547,19,fastener,incompatible_candidate,"Доставка на укрепващи скоби с гумено уплътнение за тръба ф6,35",Скоби за „спиро” въздуховод Ǿ250 mm,OPR-000529,partial_overlap; unit_match; spec_conflict; thin_content_coverage; work_scope_unknown; work_spec_incomplete:diameter; work_spec_incomplete:dim_len; incomplete_work_identity
551,23,fastener,incompatible_candidate,"Доставка на укрепващи скоби с гумено уплътнение за тръба ф19,05",Скоби за „спиро” въздуховод Ǿ250 mm,OPR-000529,partial_overlap; unit_match; spec_conflict; thin_content_coverage; work_scope_unknown; work_spec_incomplete:diameter; work_spec_incomplete:dim_len; incomplete_work_identity
552,24,fastener,incompatible_candidate,"Доставка на укрепващи скоби с гумено уплътнение за тръба ф22,2",Скоби за „спиро” въздуховод Ǿ250 mm,OPR-000529,partial_overlap; unit_match; spec_conflict; thin_content_coverage; work_scope_unknown; work_spec_incomplete:diameter; work_spec_incomplete:dim_len; incomplete_work_identity
553,25,fastener,incompatible_candidate,"Доставка на укрепващи скоби с гумено уплътнение за тръба ф28,6",Скоби за „спиро” въздуховод Ǿ250 mm,OPR-000529,partial_overlap; unit_match; spec_conflict; thin_content_coverage; work_scope_unknown; work_spec_incomplete:diameter; work_spec_incomplete:dim_len; incomplete_work_identity
556,28,cable,candidate_missing_required_spec,Доставка на управляващ кабел 3х 1 ~ 1.5 мм² в щлаух,Проводник ПВ А2 185 мм2,OPR-001008,partial_overlap; unit_match; work_scope_unknown; work_spec_incomplete:dim_pair; incomplete_work_identity
558,30,vrf_indoor_unit,conflicting_prices,Монтаж на вътрешни тела,Монтаж на вътрешни тела,OPR-9a3ff00f-5a2c-4b40-89c7-80ab596925da,exact_match; unit_match; corpus_price_disagreement; corpus_price_disagreement
566,2,fan,incompatible_candidate,"Доставка на Кръгъл канален вентилатор Vсм=300 m³/h, Р=150 Pa , р-ри D=379;d=159;L=230mm, RKA-160L,в комплект с  меки втъзки и управление",Скоби за „спиро” въздуховод Ǿ250 mm,OPR-000529,partial_overlap; unit_match; spec_conflict; thin_content_coverage; work_object_conflict:fan:fastener; work_spec_conflict:dim_len
568,4,fan,operation_or_scope_unverified,Монтаж на канален вентилатор,"Доставка и монтаж ел.вентилатор, вкл.включване към съществуващ неизползваем комин",OPR-001164,partial_overlap; unit_match; action_match; work_scope_unknown; work_inclusions_incomplete; incomplete_work_identity
569,5,camera,candidate_has_unrequested_spec,Изработване и монтажна укрепваща конструкция за вент.камера,Монтаж на вентилационна камера с дебит до 1000 м3/ч,OPR-aeee0b2c-79c3-4536-be2b-9cda23bed059,partial_overlap; unit_match; action_match; work_operation_unknown; work_spec_incomplete:dim_vol; work_spec_incomplete:flow_m3h; incomplete_work_identity
572,1,duct,candidate_missing_required_spec,Направа и монтаж на правоъгълен въздуховод прав на фланци от поцинкована ламарина с периметър до 1200 мм,МОНТАЖ НА СЪЩЕСТВУВАЩА И LT ЛАМАРИНА,OPR2-000971,partial_overlap; unit_match; action_match; work_object_unknown; work_material_incomplete; work_spec_incomplete:dim_len; incomplete_work_identity
577,6,duct,candidate_missing_required_spec,"Доставка и монтаж на кръгъл въздуховод Ø160, вкл. фасонни части",Метална конструкция за укрепване на въздуховоди и камера,OPR-000493,partial_overlap; unit_mismatch; action_match; work_operation_unknown; work_scope_unknown; work_spec_incomplete:diameter; work_inclusions_incomplete; incomplete_work_identity
583,12,diffuser,candidate_has_unrequested_spec,Доставка и монтаж на конусен смукател DVS100,"Конусен смукателен вентил с регулируем централен конус и монтажна рамка DVS 100, Q=90 m3/h",OPR-000526,strong_overlap; unit_match; action_match; work_operation_unknown; work_scope_unknown; work_spec_incomplete:dim_vol; work_spec_incomplete:flow_m3h; incomplete_work_identity
593,2,ramp,conflicting_prices,Новопроектирана бетонна рампа 6%,Новопроектирана бетонна рампа 6%,OPR-16d6af38-7bda-4a19-8552-bc3b8182518b,exact_match; unit_match; corpus_price_disagreement; corpus_price_disagreement
594,3,concrete_floor,operation_or_scope_unverified,Новопроектирана бетонна настилка,Доставка и полагане на настилка за сух фонтан - бетонни плочи,OPR2-000504,partial_overlap; unit_match; work_object_unknown; work_operation_unknown; work_scope_unknown; incomplete_work_identity
597,6,formwork,wording_or_retrieval_gap,Кофраж за външни стълби - новопроектирани,Кофраж за ст.б.стъпала,OPR-000053,partial_overlap; unit_match; incomplete_work_identity
598,7,concrete,candidate_has_unrequested_spec,Бетон за външни стълби - новопроектирани,Доставка и полагане на бетон С 20/25 за ст.б.стъпала,OPR-000054,partial_overlap; unit_match; work_operation_unknown; work_scope_unknown; work_spec_incomplete:dim_pair; incomplete_work_identity
599,8,drain_grate,candidate_has_unrequested_spec,Отводнителни решетки - новопроектирани,Линеен отводнител 70см,OPR-000306,partial_overlap; unit_match; thin_content_coverage; work_object_unknown; work_spec_incomplete:dim_len; incomplete_work_identity
