Excel row,Position,Original KCC row,Effective work,Family,Current decision,Evidence diagnosis,Full-family pool size,Best operator code,Best operator description,Operator confidence,Operator reasons,Compatible reference code
3,2,Разваляне на 25 см. тухлен зид,Разваляне на 25 см. тухлен зид,masonry,review,known_operator_family_but_incomplete_or_incompatible_evidence,453,OPR3-000030,Очукване на издадени части от тухлена зидария. крайна цена,0.74,partial_overlap; unit_match; action_match; work_operation_unknown; work_spec_incomplete:dim_len; incomplete_work_identity,
4,3,Полагане на варова мазилка по стени,Полагане на варова мазилка по стени,plaster,review,known_operator_family_but_incomplete_or_incompatible_evidence,284,OPR-000068,Направа на външна мозаечна мазилка по цокъл/ цвят по указание на архитекта/.,0.74,partial_overlap; unit_match; action_match; work_material_incomplete; work_location_incomplete; incomplete_work_identity,
5,4,Полагане на гипсова шпакловка по стени,Полагане на гипсова шпакловка по стени,putty,review,known_operator_family_but_incomplete_or_incompatible_evidence,124,OPR-000128,Направа на вътрешна гипсова шпакловка по стени,0.74,strong_overlap; unit_match; action_match; work_location_incomplete; incomplete_work_identity,
6,5,Полагане на латекс по стени до пълно покритие- включително грундиране,Полагане на латекс по стени до пълно покритие- включително грундиране,paint,review,known_operator_family_but_incomplete_or_incompatible_evidence,221,OPR-000858,"ДВУКРАТНО БОЯДИСВАНЕ НА СТЕНИ С ЛАТЕКСОВА БОЯ В ОБЩИТЕ ПРОСТРАНСТВА, ВКЛ. ГРУНДИРАНЕ",0.74,partial_overlap; unit_match; incomplete_work_identity,
7,6,Демонтаж на фаянс по стени - санитарни помещения h=2.25 м.,Демонтаж на фаянс по стени - санитарни помещения h=2.25 м.,tiling,review,known_operator_family_but_incomplete_or_incompatible_evidence,183,OPR-001013,Разкъртване на тротоар с тротоарни плочки,0.74,partial_overlap; unit_match; action_match; work_operation_unknown; work_location_incomplete; work_spec_incomplete:dim_len; incomplete_work_identity,
13,12,"Шлайфана бетонова настилка, d = 50 mm, от бетон C30/37, максимална фракция на добавъчния материал 8 mm, положена върху стоманобетонна плоча, свързана с подходящ адхезионен мост. Армиране със заварена стоманена мрежа Ø4/100/100 mm и микросинтетични полипропиленови фибри, равномерно разпределени в бетонната смес, мин. 0,9 kg/m³. Машинно заглаждане и диамантено шлайфане. Обработка със силикатен повърхностен втвърдител и безцветна защитна импрегнация. Естествен сив цвят, матов финиш. Машинно изрязване на контролни фуги и запълване с еластичен пълнител.","Шлайфана бетонова настилка, d = 50 mm, от бетон C30/37, максимална фракция на добавъчния материал 8 mm, положена върху стоманобетонна плоча, свързана с подходящ адхезионен мост. Армиране със заварена стоманена мрежа Ø4/100/100 mm и микросинтетични полипропиленови фибри, равномерно разпределени в бетонната смес, мин. 0,9 kg/m³. Машинно заглаждане и диамантено шлайфане. Обработка със силикатен повърхностен втвърдител и безцветна защитна импрегнация. Естествен сив цвят, матов финиш. Машинно изрязване на контролни фуги и запълване с еластичен пълнител.",concrete_floor,review,known_operator_family_but_incomplete_or_incompatible_evidence,16,OPR2-000198,"Шлайфане на бетонова настилка (без материал), полагане на повърхностен втвърдител",0.74,partial_overlap; unit_match; action_match; work_scope_unknown; work_material_incomplete; work_spec_incomplete:dim_len; work_spec_incomplete:diameter; work_spec_incomplete:dim_pair; work_spec_incomplete:concrete; work_exclusions_incomplete; incomplete_work_identity,
14,13,Полагане на саморазливна замазка- 2 см.- под,Полагане на саморазливна замазка- 2 см.- под,screed,review,known_operator_family_but_incomplete_or_incompatible_evidence,103,OPR-000135,Направа на замазка за основа на настилки,0.74,partial_overlap; unit_match; action_match; work_spec_incomplete:dim_len; incomplete_work_identity,
16,15,Демонтаж на теракот под- санитарни помещения,Демонтаж на теракот под- санитарни помещения,tiling,review,known_operator_family_but_incomplete_or_incompatible_evidence,183,OPR-001013,Разкъртване на тротоар с тротоарни плочки,0.74,partial_overlap; unit_match; action_match; work_operation_unknown; incomplete_work_identity,
17,16,Полагане  на варова мазилка  по таван,Полагане  на варова мазилка  по таван,plaster,review,known_operator_family_but_incomplete_or_incompatible_evidence,284,OPR-000068,Направа на външна мозаечна мазилка по цокъл/ цвят по указание на архитекта/.,0.74,partial_overlap; unit_match; action_match; work_material_incomplete; work_location_incomplete; incomplete_work_identity,
18,17,Полагане  на гипсова шпакловка по таван,Полагане  на гипсова шпакловка по таван,putty,review,known_operator_family_but_incomplete_or_incompatible_evidence,124,OPR-000148,Направа на вътрешна гипсова шпакловка по тавани,0.74,strong_overlap; unit_match; action_match; work_location_incomplete; incomplete_work_identity,
19,18,Полагане на латекс по таван - до пълно покритие включително грундиране,Полагане на латекс по таван - до пълно покритие включително грундиране,paint,review,known_operator_family_but_incomplete_or_incompatible_evidence,221,OPR-000861,"БОЯДИСВАНЕ С БЛАЖНА БОЯ ПО ЦОКЛИ В ОБЩИТЕ ПРОСТРАНСТВА, ВКЛ. ГРУНД",0.74,partial_overlap; unit_match; work_location_incomplete; incomplete_work_identity,
20,19,Обръщане на отвори около прозорци и врати в помещения стена 40см.,Обръщане на отвори около прозорци и врати в помещения стена 40см.,window_reveal,review,known_operator_family_but_incomplete_or_incompatible_evidence,10,OPR-000059,Направа на вътрешно обръщане на отвори,0.74,partial_overlap; unit_match; action_match; work_operation_unknown; work_location_incomplete; work_spec_incomplete:dim_len; incomplete_work_identity,
21,20,Обръщане на отвори около прозорци и врати в помещения стена 25см.,Обръщане на отвори около прозорци и врати в помещения стена 25см.,window_reveal,review,known_operator_family_but_incomplete_or_incompatible_evidence,10,OPR-000059,Направа на вътрешно обръщане на отвори,0.74,partial_overlap; unit_match; action_match; work_operation_unknown; work_location_incomplete; work_spec_incomplete:dim_len; incomplete_work_identity,
22,21,Обръщане на отвори около прозорци и врати в помещения стена 12см.,Обръщане на отвори около прозорци и врати в помещения стена 12см.,window_reveal,review,known_operator_family_but_incomplete_or_incompatible_evidence,10,OPR-000059,Направа на вътрешно обръщане на отвори,0.74,partial_overlap; unit_match; action_match; work_operation_unknown; work_location_incomplete; work_spec_incomplete:dim_len; incomplete_work_identity,
26,24,Полагане на варова мазилка по стени,Полагане на варова мазилка по стени,plaster,review,known_operator_family_but_incomplete_or_incompatible_evidence,284,OPR-000068,Направа на външна мозаечна мазилка по цокъл/ цвят по указание на архитекта/.,0.74,partial_overlap; unit_match; action_match; work_material_incomplete; work_location_incomplete; incomplete_work_identity,
27,25,Полагане на гипсова шпакловка по стени,Полагане на гипсова шпакловка по стени,putty,review,known_operator_family_but_incomplete_or_incompatible_evidence,124,OPR-000128,Направа на вътрешна гипсова шпакловка по стени,0.74,strong_overlap; unit_match; action_match; work_location_incomplete; incomplete_work_identity,
28,26,Полагане на латекс по стени -до пълно покритие- включително грундиране,Полагане на латекс по стени -до пълно покритие- включително грундиране,paint,review,known_operator_family_but_incomplete_or_incompatible_evidence,221,OPR-000858,"ДВУКРАТНО БОЯДИСВАНЕ НА СТЕНИ С ЛАТЕКСОВА БОЯ В ОБЩИТЕ ПРОСТРАНСТВА, ВКЛ. ГРУНДИРАНЕ",0.74,partial_overlap; unit_match; incomplete_work_identity,
29,27,"Шлайфана бетонова настилка, d = 50 mm, от бетон C30/37, максимална фракция на добавъчния материал 8 mm, положена върху стоманобетонна плоча, свързана с подходящ адхезионен мост. Армиране със заварена стоманена мрежа Ø4/100/100 mm и микросинтетични полипропиленови фибри, равномерно разпределени в бетонната смес, мин. 0,9 kg/m³. Машинно заглаждане и диамантено шлайфане. Обработка със силикатен повърхностен втвърдител и безцветна защитна импрегнация. Естествен сив цвят, матов финиш. Машинно изрязване на контролни фуги и запълване с еластичен пълнител.","Шлайфана бетонова настилка, d = 50 mm, от бетон C30/37, максимална фракция на добавъчния материал 8 mm, положена върху стоманобетонна плоча, свързана с подходящ адхезионен мост. Армиране със заварена стоманена мрежа Ø4/100/100 mm и микросинтетични полипропиленови фибри, равномерно разпределени в бетонната смес, мин. 0,9 kg/m³. Машинно заглаждане и диамантено шлайфане. Обработка със силикатен повърхностен втвърдител и безцветна защитна импрегнация. Естествен сив цвят, матов финиш. Машинно изрязване на контролни фуги и запълване с еластичен пълнител.",concrete_floor,review,known_operator_family_but_incomplete_or_incompatible_evidence,16,OPR2-000198,"Шлайфане на бетонова настилка (без материал), полагане на повърхностен втвърдител",0.74,partial_overlap; unit_match; action_match; work_scope_unknown; work_material_incomplete; work_spec_incomplete:dim_len; work_spec_incomplete:diameter; work_spec_incomplete:dim_pair; work_spec_incomplete:concrete; work_exclusions_incomplete; incomplete_work_identity,
30,28,Полагане на гранит -стълби  (топла връзка) - включително грундиране и замазка,Полагане на гранит -стълби  (топла връзка) - включително грундиране и замазка,granite_stairs,review,known_operator_family_but_incomplete_or_incompatible_evidence,1,OPR-2065a44d-a99c-444a-bc0d-53b0bc0038de,Полагане на гранит -стълби към сутерен (топла връзка) - включително грундиране и замазка,0.74,strong_overlap; unit_match; action_match; incomplete_work_identity,
32,30,Полагане на гранит -стълби  (експозиционна зала)включително грундиране и замазка,Полагане на гранит -стълби  (експозиционна зала)включително грундиране и замазка,granite_stairs,review,known_operator_family_but_incomplete_or_incompatible_evidence,1,OPR-2065a44d-a99c-444a-bc0d-53b0bc0038de,Полагане на гранит -стълби към сутерен (топла връзка) - включително грундиране и замазка,0.74,partial_overlap; unit_match; action_match; incomplete_work_identity,
33,31,"Мазилка,шпакловка грунд и латекс до пълно покритие таван","Мазилка,шпакловка грунд и латекс до пълно покритие таван",plaster,review,known_operator_family_but_incomplete_or_incompatible_evidence,284,OPR-000688,"ИЗКЪРПВАНЕ НА МАЗИЛКА, ВКЛ. ГРУНД",0.74,partial_overlap; unit_match; work_inclusions_incomplete; incomplete_work_identity,
34,32,"Мазилка,шпакловка грунд и латекс до пълно покритие колони","Мазилка,шпакловка грунд и латекс до пълно покритие колони",plaster,review,known_operator_family_but_incomplete_or_incompatible_evidence,284,OPR-000688,"ИЗКЪРПВАНЕ НА МАЗИЛКА, ВКЛ. ГРУНД",0.74,partial_overlap; unit_match; work_inclusions_incomplete; incomplete_work_identity,
39,37,Обръщане на отвори около прозорци и врати в помещения стена 25см.,Обръщане на отвори около прозорци и врати в помещения стена 25см.,window_reveal,review,known_operator_family_but_incomplete_or_incompatible_evidence,10,OPR-000059,Направа на вътрешно обръщане на отвори,0.74,partial_overlap; unit_match; action_match; work_operation_unknown; work_location_incomplete; work_spec_incomplete:dim_len; incomplete_work_identity,
42,39,Разваляне на 25 см. тухлен зид,Разваляне на 25 см. тухлен зид,masonry,review,known_operator_family_but_incomplete_or_incompatible_evidence,453,OPR3-000030,Очукване на издадени части от тухлена зидария. крайна цена,0.74,partial_overlap; unit_match; action_match; work_operation_unknown; work_spec_incomplete:dim_len; incomplete_work_identity,
44,41,Полагане на варова мазилка по стени,Полагане на варова мазилка по стени,plaster,review,known_operator_family_but_incomplete_or_incompatible_evidence,284,OPR-000068,Направа на външна мозаечна мазилка по цокъл/ цвят по указание на архитекта/.,0.74,partial_overlap; unit_match; action_match; work_material_incomplete; work_location_incomplete; incomplete_work_identity,
45,42,Полагане на гипсова шпакловка по стени,Полагане на гипсова шпакловка по стени,putty,review,known_operator_family_but_incomplete_or_incompatible_evidence,124,OPR-000128,Направа на вътрешна гипсова шпакловка по стени,0.74,strong_overlap; unit_match; action_match; work_location_incomplete; incomplete_work_identity,
46,43,Полагане на латекс по стени до пълно покритие- включително грундиране,Полагане на латекс по стени до пълно покритие- включително грундиране,paint,review,known_operator_family_but_incomplete_or_incompatible_evidence,221,OPR-000858,"ДВУКРАТНО БОЯДИСВАНЕ НА СТЕНИ С ЛАТЕКСОВА БОЯ В ОБЩИТЕ ПРОСТРАНСТВА, ВКЛ. ГРУНДИРАНЕ",0.74,partial_overlap; unit_match; incomplete_work_identity,
49,46,"Шлайфана бетонова настилка, d = 50 mm, от бетон C30/37, максимална фракция на добавъчния материал 8 mm, положена върху стоманобетонна плоча, свързана с подходящ адхезионен мост. Армиране със заварена стоманена мрежа Ø4/100/100 mm и микросинтетични полипропиленови фибри, равномерно разпределени в бетонната смес, мин. 0,9 kg/m³. Машинно заглаждане и диамантено шлайфане. Обработка със силикатен повърхностен втвърдител и безцветна защитна импрегнация. Естествен сив цвят, матов финиш. Машинно изрязване на контролни фуги и запълване с еластичен пълнител.","Шлайфана бетонова настилка, d = 50 mm, от бетон C30/37, максимална фракция на добавъчния материал 8 mm, положена върху стоманобетонна плоча, свързана с подходящ адхезионен мост. Армиране със заварена стоманена мрежа Ø4/100/100 mm и микросинтетични полипропиленови фибри, равномерно разпределени в бетонната смес, мин. 0,9 kg/m³. Машинно заглаждане и диамантено шлайфане. Обработка със силикатен повърхностен втвърдител и безцветна защитна импрегнация. Естествен сив цвят, матов финиш. Машинно изрязване на контролни фуги и запълване с еластичен пълнител.",concrete_floor,review,known_operator_family_but_incomplete_or_incompatible_evidence,16,OPR2-000198,"Шлайфане на бетонова настилка (без материал), полагане на повърхностен втвърдител",0.74,partial_overlap; unit_match; action_match; work_scope_unknown; work_material_incomplete; work_spec_incomplete:dim_len; work_spec_incomplete:diameter; work_spec_incomplete:dim_pair; work_spec_incomplete:concrete; work_exclusions_incomplete; incomplete_work_identity,
51,48,Обръщане на отвори около прозорци и врати в помещения стена 25см.,Обръщане на отвори около прозорци и врати в помещения стена 25см.,window_reveal,review,known_operator_family_but_incomplete_or_incompatible_evidence,10,OPR-000059,Направа на вътрешно обръщане на отвори,0.74,partial_overlap; unit_match; action_match; work_operation_unknown; work_location_incomplete; work_spec_incomplete:dim_len; incomplete_work_identity,
52,49,Полагане на гранит -стълби  (топла връзка) - включително грундиране и замазка,Полагане на гранит -стълби  (топла връзка) - включително грундиране и замазка,granite_stairs,review,known_operator_family_but_incomplete_or_incompatible_evidence,1,OPR-2065a44d-a99c-444a-bc0d-53b0bc0038de,Полагане на гранит -стълби към сутерен (топла връзка) - включително грундиране и замазка,0.74,strong_overlap; unit_match; action_match; incomplete_work_identity,
55,52,Мазилка шпакловка грундиране и боядисване с латекс до пълно покритие по колони,Мазилка шпакловка грундиране и боядисване с латекс до пълно покритие по колони,plaster,review,known_operator_family_but_incomplete_or_incompatible_evidence,284,OPR-8c24558e-bf17-4be4-8b5c-728c54e63f50,Мазилка шпакловка грундиране и боядисване с латекс до пълно покритие по гръб и странични чела стълби,0.74,partial_overlap; unit_match; work_location_incomplete; incomplete_work_identity,
58,54,Мазилка стени,Мазилка стени,plaster,review,known_operator_family_but_incomplete_or_incompatible_evidence,284,OPR-000126,"Направа на вътрешна мазилка по стени( в мокрите помещения - циментова, в останалите гипсова)",0.74,strong_overlap; unit_match; work_operation_unknown; work_material_incomplete; work_location_incomplete; incomplete_work_identity,
59,55,Полагане на шпакловка  по стени,Полагане на шпакловка  по стени,putty,review,known_operator_family_but_incomplete_or_incompatible_evidence,124,OPR-000128,Направа на вътрешна гипсова шпакловка по стени,0.74,strong_overlap; unit_match; action_match; work_material_incomplete; work_location_incomplete; incomplete_work_identity,
60,56,Полагане на грунд по стени,Полагане на грунд по стени,primer,review,known_operator_family_but_incomplete_or_incompatible_evidence,150,OPR-000958,Доставка и полагане на битумен грунд,0.74,partial_overlap; unit_match; action_match; work_scope_unknown; work_material_incomplete; work_location_incomplete; incomplete_work_identity,
61,57,Боядисване с фасаген - стени до пълно покритие,Боядисване с фасаген - стени до пълно покритие,paint,review,known_operator_family_but_incomplete_or_incompatible_evidence,221,OPR-000129,Боядисване с латексова боя по стени,0.74,partial_overlap; unit_match; work_location_incomplete; incomplete_work_identity,
62,58,Обръщане на отвори около врати в помещения стена 25см.,Обръщане на отвори около врати в помещения стена 25см.,window_reveal,review,known_operator_family_but_incomplete_or_incompatible_evidence,10,OPR-000059,Направа на вътрешно обръщане на отвори,0.74,partial_overlap; unit_match; action_match; work_operation_unknown; work_location_incomplete; work_spec_incomplete:dim_len; incomplete_work_identity,
63,59,Полагане на циментова замазка - под  и стълбище включително грундиране,Полагане на циментова замазка - под  и стълбище включително грундиране,screed,review,known_operator_family_but_incomplete_or_incompatible_evidence,103,OPR-001258,Циментова замазка 5 см.,0.74,partial_overlap; unit_match; work_operation_unknown; work_spec_incomplete:dim_len; work_inclusions_incomplete; incomplete_work_identity,
65,61,Мазилка по таван,Мазилка по таван,plaster,review,known_operator_family_but_incomplete_or_incompatible_evidence,284,OPR-000145,Направа на вътрешна мазилка по тавани,0.74,strong_overlap; unit_match; work_operation_unknown; work_location_incomplete; incomplete_work_identity,
66,62,Мазилка шпакловка грундиране и боядисване с латекс до пълно покритие по колони,Мазилка шпакловка грундиране и боядисване с латекс до пълно покритие по колони,plaster,review,known_operator_family_but_incomplete_or_incompatible_evidence,284,OPR-8c24558e-bf17-4be4-8b5c-728c54e63f50,Мазилка шпакловка грундиране и боядисване с латекс до пълно покритие по гръб и странични чела стълби,0.74,partial_overlap; unit_match; work_location_incomplete; incomplete_work_identity,
71,66,Демонтаж на улуци,Демонтаж на улуци,gutter,review,known_operator_family_but_incomplete_or_incompatible_evidence,76,OPR2-000959,ДЕМОНТАЖ НА ОЛУК,0.74,partial_overlap; unit_match; action_match; incomplete_work_identity,
72,67,Демонтаж капаци - била,Демонтаж капаци - била,roof_ridge_cap,review,no_known_family_operator_price,2,,,0,,
73,68,Доставка и монтаж на покривен оберлихт - съгласно проект,Доставка и монтаж на покривен оберлихт - съгласно проект,skylight,review,conflicting_prices,10,OPR-3a9b345f-5a1b-4733-86c2-1de7f8dc8f22,Доставка и монтаж на покривен оберлихт - съгласно проект,1.0,exact_match; unit_match,
75,70,Полагане на нова хидроизолация,Полагане на нова хидроизолация,waterproofing,review,known_operator_family_but_incomplete_or_incompatible_evidence,102,OPR-000065,"Направа на хидроизолация, защитена с топлоизолация Екструдиран полистирен (Fibran XPS) 100mm с λ =0.035W/mK по фасадни стени в земя. За направа на хидроизолация да се следват приложеният детайл и указанията на производителя.",0.74,strong_overlap; unit_match; action_match; work_location_incomplete; work_spec_incomplete:dim_len; work_spec_incomplete:wattage; incomplete_work_identity,
77,72,Полагане на топлоизолация от минерална вата 20см. Между дървена конструкция,Полагане на топлоизолация от минерална вата 20см. Между дървена конструкция,insulation,review,known_operator_family_but_incomplete_or_incompatible_evidence,393,OPR-000064,"Противопожарни ивици от мин.вата 10см с клас на реакция на огън А1 или А2 - хоризонтални 20см. За направа на топлоизолация да се следват приложеният детайл и указанията на производителя като се ползват подходящо лепило, дюбели за топлоизолационни плочи метални предпазители за външни ъгли, еластична шпакловка и фибростъклена армировъчна мрежа.",0.74,partial_overlap; unit_match; action_match; spec_match; work_material_incomplete; work_spec_incomplete:dim_len; incomplete_work_identity,
79,74,Полагане на капаци по била,Полагане на капаци по била,roof_ridge_cap,review,no_known_family_operator_price,2,,,0,,
82,77,"Монтаж на нови челни дъски,  байцвани и лакирани","Монтаж на нови челни дъски,  байцвани и лакирани",fascia_board,review,known_operator_family_but_incomplete_or_incompatible_evidence,3,OPR2-000928,"Монтаж на челни дъски – прави или с шарка по избор на клиента, дебелина 2.5 см, включително материали",0.74,partial_overlap; unit_match; action_match; work_spec_incomplete:dim_len; incomplete_work_identity,
84,79,Полагане на изолация XPS 5см. с мрежа от стъклофибър и шпакловка - съществуващи козирки,Полагане на изолация XPS 5см. с мрежа от стъклофибър и шпакловка - съществуващи козирки,insulation,review,known_operator_family_but_incomplete_or_incompatible_evidence,393,OPR-000084,"Направа на топлоизолация Твърда минерална вата 150mm с λ = 0.039W/mK и дебелина 5см по борд на плосък покрив. За направа на топлоизолацията да се следват приложеният детайл и указанията на производителя като се ползват подходящо лепило, дюбели за топлоизолационни плочи, еластична шпакловка и фибростъклена армировъчна мрежа.",0.74,partial_overlap; unit_match; action_match; spec_match; work_spec_incomplete:dim_len; work_spec_incomplete:wattage; incomplete_work_identity,
85,80,Полагане на силиконова мазилка по дъна козирки - включително  грундиране,Полагане на силиконова мазилка по дъна козирки - включително  грундиране,plaster,review,known_operator_family_but_incomplete_or_incompatible_evidence,284,OPR-8c24558e-bf17-4be4-8b5c-728c54e63f50,Мазилка шпакловка грундиране и боядисване с латекс до пълно покритие по гръб и странични чела стълби,0.74,partial_overlap; unit_match; work_material_incomplete; work_inclusions_incomplete; incomplete_work_identity,
86,81,Полагане на дъсчена обшивка стрехи (топла връзка) - байцвани и лакирани,Полагане на дъсчена обшивка стрехи (топла връзка) - байцвани и лакирани,cladding,review,known_operator_family_but_incomplete_or_incompatible_evidence,137,OPR2-000044,"Доставка и монтаж на покривна обшивка от OSB плоскости с дебелина 22мм, клас S3",0.74,partial_overlap; unit_match; action_match; work_scope_unknown; work_material_incomplete; work_location_incomplete; work_spec_incomplete:dim_len; incomplete_work_identity,
88,83,Поставяне на шапки над  вентилационен отвор,Поставяне на шапки над  вентилационен отвор,roof_vent_cap,review,conflicting_prices,21,OPR-000793,ДОСТАВКА И МОНТАЖ НА ШАПКИ ОТ ПОЦИНКОВАНА ЛАМАРИНА ЗА КОМИНИ,0.74,partial_overlap; unit_match; action_match; work_scope_unknown; work_material_incomplete; incomplete_work_identity,
90,85,Надулучна пола,Надулучна пола,drip_edge,review,conflicting_prices,5,OPR-31d9379e-0102-4584-a41b-163fa0824571,Надулучна пола,1.0,exact_match; unit_match,
91,86,"Интериорна подемна платформа (предоляваща Н = 2,55 м по наклон стълбище) с 3 спирки /-0,8;0,00;+1,6/и завой на ниво 0,00","Интериорна подемна платформа (предоляваща Н = 2,55 м по наклон стълбище) с 3 спирки /-0,8;0,00;+1,6/и завой на ниво 0,00",lift_platform,review,conflicting_prices,2,OPR-c93469c5-7c94-4c27-a342-25c0a23951d0,"Интериорна подемна платформа (предоляваща Н = 2,55 м по наклон стълбище) с 3 спирки /-0,8;0,00;+1,6/и завой на ниво 0,00",1.0,exact_match; unit_match,
93,87,Фасадно скеле - монтаж и демонтаж,Фасадно скеле - монтаж и демонтаж,scaffold,review,known_operator_family_but_incomplete_or_incompatible_evidence,38,OPR-000061,"Доставка,монтаж и демонтаж на фасадно рамково скеле с височина до 30 м, вкл. изготвяне и заверяване на проект и доставка и монтаж на предпазни мрежи и включен еднократен наем на скеле за 30 дни",0.74,strong_overlap; unit_match; action_match; work_scope_unknown; work_spec_incomplete:dim_len; work_inclusions_incomplete; incomplete_work_identity,
102,96,Шпакловка с лепило- цокъл,Шпакловка с лепило- цокъл,putty,review,known_operator_family_but_incomplete_or_incompatible_evidence,124,OPR2-000909,Шпакловка с гипсово лепило + труд и материали,0.74,partial_overlap; unit_match; work_material_incomplete; incomplete_work_identity,
104,98,"Фасадно обръщане на отвори на прозорци с  EPS-3 см. с мрежа, шпакловка, както и ръбохранители около прозорците","Фасадно обръщане на отвори на прозорци с  EPS-3 см. с мрежа, шпакловка, както и ръбохранители около прозорците",window_reveal,review,known_operator_family_but_incomplete_or_incompatible_evidence,10,OPR-001063,"Обръщане отвор за врата, вкл. ръбохранители, шпакловка и латекс",0.74,partial_overlap; unit_match; action_match; work_location_incomplete; work_spec_incomplete:dim_len; work_inclusions_incomplete; incomplete_work_identity,
128,121,PVC дограма със стъклопакет 340/185 П3,PVC дограма със стъклопакет 340/185 П3,window,review,known_operator_family_but_incomplete_or_incompatible_evidence,315,OPR2-000099,Доплащане за отваряне на две оси на PVC дограма,0.74,partial_overlap; unit_match; work_spec_incomplete:variant; work_spec_incomplete:dim_pair; incomplete_work_identity,
129,122,PVC дограма със стъклопакет 165/210 П4,PVC дограма със стъклопакет 165/210 П4,window,review,known_operator_family_but_incomplete_or_incompatible_evidence,315,OPR2-000099,Доплащане за отваряне на две оси на PVC дограма,0.74,partial_overlap; unit_match; work_spec_incomplete:variant; work_spec_incomplete:dim_pair; incomplete_work_identity,
135,2,Обратен насип,Обратен насип,earthwork,review,known_operator_family_but_incomplete_or_incompatible_evidence,278,OPR2-000006,"Обратно ръчно засипване на изкопани маси, вкл. уплътняване на пластове по 20см",0.74,strong_overlap; unit_match; work_spec_incomplete:dim_len; work_inclusions_incomplete; incomplete_work_identity,
138,4,Кофраж за основи асансьор,Кофраж за основи асансьор,formwork,review,known_operator_family_but_incomplete_or_incompatible_evidence,132,OPR-000004,Кофраж за ст.б. фундаменти,0.74,partial_overlap; unit_match; incomplete_work_identity,
139,5,"Кофраж за колони до кота +3,60","Кофраж за колони до кота +3,60",formwork,review,known_operator_family_but_incomplete_or_incompatible_evidence,132,OPR-000014,"Кофраж за ст.б. колони от -3,60 до +0,00",0.74,partial_overlap; unit_match; incomplete_work_identity,
140,6,"Кофраж за плоча, греди, пояси и плоча кота +3,60","Кофраж за плоча, греди, пояси и плоча кота +3,60",formwork,review,known_operator_family_but_incomplete_or_incompatible_evidence,132,OPR-000017,"Кофраж за ст.б. плоча и греди на +0,00",0.74,partial_overlap; unit_match; incomplete_work_identity,
141,7,"Кофраж за колони до кота +6,75","Кофраж за колони до кота +6,75",formwork,review,known_operator_family_but_incomplete_or_incompatible_evidence,132,OPR-000014,"Кофраж за ст.б. колони от -3,60 до +0,00",0.74,partial_overlap; unit_match; incomplete_work_identity,
142,8,"Кофраж за плоча,  греди и пояси кота +6,75","Кофраж за плоча,  греди и пояси кота +6,75",formwork,review,known_operator_family_but_incomplete_or_incompatible_evidence,132,OPR-000017,"Кофраж за ст.б. плоча и греди на +0,00",0.74,partial_overlap; unit_match; incomplete_work_identity,
145,11,Кофраж за пояси окачен таван,Кофраж за пояси окачен таван,formwork,review,known_operator_family_but_incomplete_or_incompatible_evidence,132,OPR-f153388e-b598-4fab-97a8-a500b7cd055c,Кофраж за колони окочен таван,0.74,partial_overlap; unit_match; incomplete_work_identity,
146,12,Кофраж за ивични основи ев. Стълбища,Кофраж за ивични основи ев. Стълбища,formwork,review,known_operator_family_but_incomplete_or_incompatible_evidence,132,OPR-000004,Кофраж за ст.б. фундаменти,0.74,partial_overlap; unit_match; incomplete_work_identity,
148,13,Изработка и монтаж на армировка,Изработка и монтаж на армировка,reinforcement,review,known_operator_family_but_incomplete_or_incompatible_evidence,94,OPR-000008,"Изработка и монтаж на армировка от 6-14мм. от ст.АІ и АІІІ – за ст.б. фундаменти, стени , настилка ас.шахта и английски дворове",0.74,strong_overlap; unit_match; action_match; work_spec_incomplete:dim_len; incomplete_work_identity,
150,14,Подложен бетон В15,Подложен бетон В15,concrete,review,known_operator_family_but_incomplete_or_incompatible_evidence,317,OPR-000003,Доставка и полагане на подложен бетон С8/10,0.74,partial_overlap; unit_match; work_operation_unknown; work_scope_unknown; work_spec_incomplete:concrete; incomplete_work_identity,
151,15,Бетон В25 за единичен фундамент асансьор,Бетон В25 за единичен фундамент асансьор,concrete,review,known_operator_family_but_incomplete_or_incompatible_evidence,317,OPR-000005,Доставка и полагане на бетон С 20/25 за ст.б. фундаменти,0.74,partial_overlap; unit_match; work_operation_unknown; work_scope_unknown; work_spec_incomplete:dim_pair; work_spec_incomplete:concrete; incomplete_work_identity,
152,16,"Бетон В25 за колони до кота +3,60","Бетон В25 за колони до кота +3,60",concrete,review,known_operator_family_but_incomplete_or_incompatible_evidence,317,OPR-000016,"Доставка и полагане на бетон С 20/25за ст.б. колони от -3,60 до +0,00",0.74,partial_overlap; unit_match; work_operation_unknown; work_scope_unknown; work_spec_incomplete:dim_pair; work_spec_incomplete:concrete; incomplete_work_identity,
153,17,"Бетон В25 за греди и пояси и плоча кота +3,60","Бетон В25 за греди и пояси и плоча кота +3,60",concrete,review,known_operator_family_but_incomplete_or_incompatible_evidence,317,OPR-000019,"Доставка и полагане на бетон С 20/25 за ст.б. плоча и настилка на +0,00",0.74,partial_overlap; unit_match; work_operation_unknown; work_scope_unknown; work_spec_incomplete:dim_pair; work_spec_incomplete:concrete; incomplete_work_identity,
154,18,"Бетон В25 за колони до кота +6,75","Бетон В25 за колони до кота +6,75",concrete,review,known_operator_family_but_incomplete_or_incompatible_evidence,317,OPR-000016,"Доставка и полагане на бетон С 20/25за ст.б. колони от -3,60 до +0,00",0.74,partial_overlap; unit_match; work_operation_unknown; work_scope_unknown; work_spec_incomplete:dim_pair; work_spec_incomplete:concrete; incomplete_work_identity,
155,19,"Бетон В25 за греди и пояси и плоча кота +6,75","Бетон В25 за греди и пояси и плоча кота +6,75",concrete,review,known_operator_family_but_incomplete_or_incompatible_evidence,317,OPR-000019,"Доставка и полагане на бетон С 20/25 за ст.б. плоча и настилка на +0,00",0.74,partial_overlap; unit_match; work_operation_unknown; work_scope_unknown; work_spec_incomplete:dim_pair; work_spec_incomplete:concrete; incomplete_work_identity,
157,21,Бетон В25 за ивични фундаменти ев. Стълбища,Бетон В25 за ивични фундаменти ев. Стълбища,concrete,review,known_operator_family_but_incomplete_or_incompatible_evidence,317,OPR-000005,Доставка и полагане на бетон С 20/25 за ст.б. фундаменти,0.74,partial_overlap; unit_match; work_operation_unknown; work_scope_unknown; work_spec_incomplete:dim_pair; work_spec_incomplete:concrete; incomplete_work_identity,
161,24,"Изготвяне, доставка и монтаж  на подложни греди,оберлихт","Изготвяне, доставка и монтаж  на подложни греди,оберлихт",skylight,review,known_operator_family_but_incomplete_or_incompatible_evidence,10,OPR-9bbe80e9-3626-40e5-9fc7-a7c690383d3f,"Изготвяне, доставка и монтаж  на стоманени рамки,оберлихт",0.74,partial_overlap; unit_match; action_match; work_material_incomplete; incomplete_work_identity,
162,25,"Изготвяне, доставка и монтаж  на греди, окачен таван","Изготвяне, доставка и монтаж  на греди, окачен таван",ceiling,review,no_known_family_operator_price,61,,,0,,
166,28,"Изготвяне, доставка и монтаж  на стоманени греди","Изготвяне, доставка и монтаж  на стоманени греди",steel_beam,review,no_known_family_operator_price,3,,,0,,
167,29,"Изготвяне, доставка и монтаж  на стоманени столици","Изготвяне, доставка и монтаж  на стоманени столици",steel_purlin,review,known_operator_family_but_incomplete_or_incompatible_evidence,1,OPR-618273d7-6391-4507-b275-0af3263b25c3,"Изготвяне, доставка и монтаж  на стоманени столици,оберлихт",0.74,strong_overlap; unit_match; action_match; incomplete_work_identity,
169,31,"Изготвяне, доставка и монтаж  на метален парапет","Изготвяне, доставка и монтаж  на метален парапет",railing,review,conflicting_prices,51,OPR-0bb663b5-8d62-4c5f-93f0-1217b1f918e8,"Изготвяне, доставка и монтаж  на метален парапет",1.0,exact_match; unit_match,
174,34,Бетон В25 за ивични фундаменти рампа,Бетон В25 за ивични фундаменти рампа,concrete,review,known_operator_family_but_incomplete_or_incompatible_evidence,317,OPR-000005,Доставка и полагане на бетон С 20/25 за ст.б. фундаменти,0.74,partial_overlap; unit_match; work_operation_unknown; work_scope_unknown; work_spec_incomplete:dim_pair; work_spec_incomplete:concrete; incomplete_work_identity,
175,35,Бетон В25 за бетонова настилка рампа,Бетон В25 за бетонова настилка рампа,concrete,review,known_operator_family_but_incomplete_or_incompatible_evidence,317,OPR-000009,Доставка и полагане на бетон С 20/25 за настилка и английски дворове,0.74,partial_overlap; unit_match; work_operation_unknown; work_scope_unknown; work_spec_incomplete:dim_pair; work_spec_incomplete:concrete; incomplete_work_identity,
177,36,Изработка и монтаж на армировка,Изработка и монтаж на армировка,reinforcement,review,known_operator_family_but_incomplete_or_incompatible_evidence,94,OPR-000008,"Изработка и монтаж на армировка от 6-14мм. от ст.АІ и АІІІ – за ст.б. фундаменти, стени , настилка ас.шахта и английски дворове",0.74,strong_overlap; unit_match; action_match; work_spec_incomplete:dim_len; incomplete_work_identity,
183,3,Изтегляне на кабели в монтирани тръби,Изтегляне на кабели в монтирани тръби,cable,review,known_operator_family_but_incomplete_or_incompatible_evidence,917,OPR-000156,Полагане и изтгляне на кабел НН до 240мм2,0.74,partial_overlap; unit_match; action_match; work_operation_unknown; incomplete_work_identity,
194,,- Автоматичен прекъсвач с вградена дефектно токова защита - EZ9 RCBO; AC; C; 2p; 16A; 30mA,- Автоматичен прекъсвач с вградена дефектно токова защита - EZ9 RCBO; AC; C; 2p; 16A; 30mA,switchgear,review,conflicting_prices,94,OPR-1eec7e8a-f159-4cec-ac86-c5d144b46460,- Автоматичен прекъсвач с вградена дефектно токова защита - EZ9 RCBO; AC; C; 2p; 16A; 30mA,1.0,exact_match; unit_match,
207,,- Направа заземление на  ел.таблo,- Направа заземление на  ел.таблo,earthing,review,known_operator_family_but_incomplete_or_incompatible_evidence,10,OPR-000161,Направа заземление на касета ШК- 4,0.74,partial_overlap; unit_match; action_match; incomplete_work_identity,
208,,"- Свързване проводник към табло до 2,5мм²","- Свързване проводник към табло до 2,5мм²",cable,review,known_operator_family_but_incomplete_or_incompatible_evidence,917,OPR-000158,Монтаж на кабел към съоръжение на кабел НН до 240м2,0.74,partial_overlap; unit_match; work_operation_unknown; work_spec_incomplete:dim_area; incomplete_work_identity,
209,,- Свързване проводник към табло до 16мм²,- Свързване проводник към табло до 16мм²,cable,review,known_operator_family_but_incomplete_or_incompatible_evidence,917,OPR-000158,Монтаж на кабел към съоръжение на кабел НН до 240м2,0.74,partial_overlap; unit_match; work_operation_unknown; work_spec_incomplete:dim_area; incomplete_work_identity,
218,,"- Свързване проводник към табло до 2,5мм²","- Свързване проводник към табло до 2,5мм²",cable,review,known_operator_family_but_incomplete_or_incompatible_evidence,917,OPR-000158,Монтаж на кабел към съоръжение на кабел НН до 240м2,0.74,partial_overlap; unit_match; work_operation_unknown; work_spec_incomplete:dim_area; incomplete_work_identity,
219,,- Свързване проводник към табло до 16мм²,- Свързване проводник към табло до 16мм²,cable,review,known_operator_family_but_incomplete_or_incompatible_evidence,917,OPR-000158,Монтаж на кабел към съоръжение на кабел НН до 240м2,0.74,partial_overlap; unit_match; work_operation_unknown; work_spec_incomplete:dim_area; incomplete_work_identity,
226,16,"Тоководеща монофазна шина 1,2 или 3м с DALI канал,
комплект с крепежни елементи и крайни тапи","Тоководеща монофазна шина 1,2 или 3м с DALI канал,
комплект с крепежни елементи и крайни тапи",fastener,review,known_operator_family_but_incomplete_or_incompatible_evidence,225,OPR2-000130,"Доставка и монтаж алуминиева ръкохватка ф50, с включени всички аксесоари за монтаж, тапи и крепежи",0.74,partial_overlap; unit_match; work_operation_unknown; work_scope_unknown; work_material_incomplete; work_spec_incomplete:dim_len; work_spec_incomplete:diameter; incomplete_work_identity,
250,40,Направа на отвор в стената за монтаж на конзоли и разклонителни кутии,Направа на отвор в стената за монтаж на конзоли и разклонителни кутии,wall_opening,review,known_operator_family_but_incomplete_or_incompatible_evidence,32,OPR-000401,Направа отвори до 3”,0.74,partial_overlap; unit_match; action_match; incomplete_work_identity,
255,45,"Доставка на кабел СВТ3x1,5mm²","Доставка на кабел СВТ3x1,5mm²",cable,compatible,representation_fixed,917,OPR2-000328,"Доставка кабелоподобен проводник СВТ 3х1,5мм2",0.99,strong_overlap; unit_match; spec_match,
256,46,"Доставка на кабел СВТ3x2,5mm²","Доставка на кабел СВТ3x2,5mm²",cable,compatible,representation_fixed,917,OPR2-000329,"Доставка кабелоподобен проводник СВТ 3х2,5мм2",0.99,strong_overlap; unit_match; spec_match,
258,48,"Доставка на кабел СВТ3x6,0mm²","Доставка на кабел СВТ3x6,0mm²",cable,compatible,representation_fixed,917,OPR2-000333,Доставка кабелоподобен проводник СВТ 3х6мм2,0.99,strong_overlap; unit_match; spec_match,
260,50,"Доставка на кабел СВТ5x4,0mm²","Доставка на кабел СВТ5x4,0mm²",cable,compatible,representation_fixed,917,OPR2-000332,Доставка кабелоподобен проводник СВТ 5х4мм2,0.99,strong_overlap; unit_match; spec_match,
265,55,Изтегляне на кабели в монтирани тръби,Изтегляне на кабели в монтирани тръби,cable,review,known_operator_family_but_incomplete_or_incompatible_evidence,917,OPR-000156,Полагане и изтгляне на кабел НН до 240мм2,0.74,partial_overlap; unit_match; action_match; work_operation_unknown; incomplete_work_identity,
274,63,Доставка и монтаж на вертикален Т-преход за каб. скара 200x60 mm,Доставка и монтаж на вертикален Т-преход за каб. скара 200x60 mm,cable_tray,review,known_operator_family_but_incomplete_or_incompatible_evidence,28,OPR-744445af-4203-4e04-b93e-0e96a9fc77cc,"Доставка и монтаж на хоризонтален, Т-преход за каб. скара 200x60 mm",0.74,partial_overlap; unit_match; action_match; spec_match; incomplete_work_identity,
276,,"- Комплект болт, гайка и шайба осигурителна М6х12 mm - 1160 бр.","- Комплект болт, гайка и шайба осигурителна М6х12 mm - 1160 бр.",,review,work_identity_or_context_unknown,0,,,0,,
277,,- Анкерен болт М10X10 mm - 224 бр.,- Анкерен болт М10X10 mm - 224 бр.,fastener,review,conflicting_prices,225,OPR-6223587b-294e-4841-8d58-b349c148452f,- Анкерен болт М10X10 mm - 224 бр.,1.0,exact_match; unit_match,
280,,- Конзола за стена за кабелна скара 200 mm - 108 бр.,- Конзола за стена за кабелна скара 200 mm - 108 бр.,bracket,review,known_operator_family_but_incomplete_or_incompatible_evidence,168,OPR2-000351,Доставка и монтаж на конзола кръгла за стена гипсокартон,0.74,partial_overlap; unit_match; work_operation_unknown; work_scope_unknown; work_material_incomplete; work_spec_incomplete:dim_len; incomplete_work_identity,
289,69,Доставка и монтаж на безжичен рутер 10/100/1000Mbps,Доставка и монтаж на безжичен рутер 10/100/1000Mbps,router,review,no_known_family_operator_price,3,,,0,,
290,70,Доставка и монтаж на HDMI розетка с 1 гнездо; за вграждане,Доставка и монтаж на HDMI розетка с 1 гнездо; за вграждане,socket,review,known_operator_family_but_incomplete_or_incompatible_evidence,947,OPR-f75cc2db-6b59-45dc-bb5b-9ba9db93d738,Доставка и монтаж на интернет розетка с 1 гнездо; букса RJ45; за вграждане; категория: 5e,0.74,partial_overlap; unit_match; action_match; incomplete_work_identity,
292,72,Доставка на кабел сиг.каб. HDMI,Доставка на кабел сиг.каб. HDMI,cable,review,conflicting_prices,917,OPR-40ab8bb3-d872-4023-ae47-85b71ba56afa,Доставка на кабел сиг.каб. HDMI,1.0,exact_match; unit_match,
295,75,Изтегляне на кабели в монтирани тръби,Изтегляне на кабели в монтирани тръби,cable,review,known_operator_family_but_incomplete_or_incompatible_evidence,917,OPR-000156,Полагане и изтгляне на кабел НН до 240мм2,0.74,partial_overlap; unit_match; action_match; work_operation_unknown; incomplete_work_identity,
302,81,"Доставка и монтаж на мрежово хранилище за данни NAS; за монтаж в 19'' RACK шкаф;поддържа до 12 диска 2,5''/3,5'' SATA;","Доставка и монтаж на мрежово хранилище за данни NAS; за монтаж в 19'' RACK шкаф;поддържа до 12 диска 2,5''/3,5'' SATA;",mesh,review,conflicting_prices,80,OPR-5d09f130-d9bd-419a-8ea5-1077f6161431,"Доставка и монтаж на мрежово хранилище за данни NAS; за монтаж в 19'' RACK шкаф;поддържа до 12 диска 2,5''/3,5'' SATA;",1.0,exact_match; unit_match,
306,85,Доставка и монтаж на суич; 24 - порта PoE; 10/100/1000 Mbps; за монтаж в комуникационен шкаф,Доставка и монтаж на суич; 24 - порта PoE; 10/100/1000 Mbps; за монтаж в комуникационен шкаф,network_switch,review,conflicting_prices,4,OPR-4b78638c-315a-439a-8e32-96dbf8bdcc83,Доставка и монтаж на суич; 24 - порта PoE; 10/100/1000 Mbps; за монтаж в комуникационен шкаф,1.0,exact_match; unit_match,
308,87,Доставка и монтаж на сървър; за монтаж в 19'' комуникационен шкаф,Доставка и монтаж на сървър; за монтаж в 19'' комуникационен шкаф,server,review,conflicting_prices,2,OPR-56e68537-39af-43ab-b650-364c8ecef6d3,Доставка и монтаж на сървър; за монтаж в 19'' комуникационен шкаф,1.0,exact_match; unit_match,
310,88,"Доставка и монтаж на твърд диск за вграждане във мрежово хранилище за данни NAS:
- капацитет: 10TB","Доставка и монтаж на твърд диск за вграждане във мрежово хранилище за данни NAS:
- капацитет: 10TB",storage_drive,review,conflicting_prices,8,OPR-1f4529ba-5951-4249-9eac-79e34e702d36,"Доставка и монтаж на твърд диск за вграждане във мрежово хранилище за данни NAS:
- капацитет: 10TB",1.0,exact_match; unit_match,
314,92,"Доставка и монтаж на твърд диск за вграждане във видеорекордер:
- капацитет: 10 TB","Доставка и монтаж на твърд диск за вграждане във видеорекордер:
- капацитет: 10 TB",storage_drive,review,conflicting_prices,8,OPR-6e4bd4df-7d5c-47cf-9f38-5089fcea4e05,"Доставка и монтаж на твърд диск за вграждане във видеорекордер:
- капацитет: 10 TB",1.0,exact_match; unit_match,
318,96,"Доставка и монтаж на непрекъсваемо токозахранващ източник (UPS):_x000D_
- капацитет: 6000VA/4800W","Доставка и монтаж на непрекъсваемо токозахранващ източник (UPS):_x000D_
- капацитет: 6000VA/4800W",ups,review,no_known_family_operator_price,8,,,0,,
319,97,Доставка и монтаж на комплект планки за монтаж на UPS в 19'' комуникационен шкаф,Доставка и монтаж на комплект планки за монтаж на UPS в 19'' комуникационен шкаф,mounting_plate,review,conflicting_prices,62,OPR-1f6bd5e2-1459-488a-b375-fe16c92bb5c9,Доставка и монтаж на комплект планки за монтаж на UPS в 19'' комуникационен шкаф,1.0,exact_match; unit_match,
322,100,Доставка и монтаж на тава фиксиран за предно закачване,Доставка и монтаж на тава фиксиран за предно закачване,,review,conflicting_prices,0,,,0,,
333,110,Доставка и монтаж на линеен оптично димен пожароизвестител; комплект,Доставка и монтаж на линеен оптично димен пожароизвестител; комплект,fire_detector,review,known_operator_family_but_incomplete_or_incompatible_evidence,8,OPR-0f90db10-b3c4-41ed-ba73-a84da343174c,"Доставка и монтаж на акумулаторна батерия за пожароизвестителна централа 12V, 7Ah",0.74,partial_overlap; unit_match; action_match; work_spec_incomplete:voltage; incomplete_work_identity,
336,113,Доставка и монтаж на светлинно-звуков сигнализатор; външен монтаж,Доставка и монтаж на светлинно-звуков сигнализатор; външен монтаж,sounder,review,conflicting_prices,4,OPR-8d363595-126a-4d13-b291-93f05813955e,Доставка и монтаж на светлинно-звуков сигнализатор; външен монтаж,1.0,exact_match; unit_match,
339,116,Изтегляне на кабели в монтирани тръби,Изтегляне на кабели в монтирани тръби,cable,review,known_operator_family_but_incomplete_or_incompatible_evidence,917,OPR-000156,Полагане и изтгляне на кабел НН до 240мм2,0.74,partial_overlap; unit_match; action_match; work_operation_unknown; incomplete_work_identity,
361,137,Изтегляне на кабели в монтирани тръби,Изтегляне на кабели в монтирани тръби,cable,review,known_operator_family_but_incomplete_or_incompatible_evidence,917,OPR-000156,Полагане и изтгляне на кабел НН до 240мм2,0.74,partial_overlap; unit_match; action_match; work_operation_unknown; incomplete_work_identity,
366,142,"Доставка и монтаж на мрежов трансформатор с предпазител:_x000D_
- Мощност:45 VA;_x000D_
- Захранващо напрежение: 220V;_x000D_
- Вторично напрежение: 16,5V.","Доставка и монтаж на мрежов трансформатор с предпазител:_x000D_
- Мощност:45 VA;_x000D_
- Захранващо напрежение: 220V;_x000D_
- Вторично напрежение: 16,5V.",mesh,review,known_operator_family_but_incomplete_or_incompatible_evidence,80,OPR-5d09f130-d9bd-419a-8ea5-1077f6161431,"Доставка и монтаж на мрежово хранилище за данни NAS; за монтаж в 19'' RACK шкаф;поддържа до 12 диска 2,5''/3,5'' SATA;",0.74,partial_overlap; unit_match; action_match; work_spec_incomplete:voltage; work_spec_incomplete:inch_connection; incomplete_work_identity,
372,147,Доставка на кабел J-Y(St)YFR 2x0.80mm²,Доставка на кабел J-Y(St)YFR 2x0.80mm²,cable,review,conflicting_prices,917,OPR-1396a87e-e91d-4829-87db-e690240903c1,Доставка на кабел J-Y(St)YFR 2x0.80mm²,1.0,exact_match; unit_match,
375,150,Изтегляне на кабели в монтирани тръби,Изтегляне на кабели в монтирани тръби,cable,review,known_operator_family_but_incomplete_or_incompatible_evidence,917,OPR-000156,Полагане и изтгляне на кабел НН до 240мм2,0.74,partial_overlap; unit_match; action_match; work_operation_unknown; incomplete_work_identity,
386,160,"Доставка и монтаж на мълниеприемник с изпреварващо действие, ниво на защита: III, време за изпреварване  ΔТ=45μs при h(m) =3, защитен радиус Rз= 22m","Доставка и монтаж на мълниеприемник с изпреварващо действие, ниво на защита: III, време за изпреварване  ΔТ=45μs при h(m) =3, защитен радиус Rз= 22m",lightning_terminal,review,known_operator_family_but_incomplete_or_incompatible_evidence,4,OPR-000893,ДОСТАВКА И МОНТАЖ НА АКТИВЕН МЪЛНИЕПРИЕМНИК,0.74,partial_overlap; unit_match; action_match; work_spec_incomplete:dim_len; incomplete_work_identity,
390,164,Доставка и монтаж на комплект крепежни елементи,Доставка и монтаж на комплект крепежни елементи,fastener,review,conflicting_prices,225,OPR-8cf3130b-ce0d-473d-84d5-185f14446dce,Доставка и монтаж на комплект крепежни елементи,1.0,exact_match; unit_match,
391,165,Полагане на проводник по монтирани крепежни елементи,Полагане на проводник по монтирани крепежни елементи,cable,review,known_operator_family_but_incomplete_or_incompatible_evidence,917,OPR-000156,Полагане и изтгляне на кабел НН до 240мм2,0.74,partial_overlap; unit_match; action_match; incomplete_work_identity,
392,166,Доставка и монтаж на контролна клема,Доставка и монтаж на контролна клема,terminal_clamp,review,conflicting_prices,77,OPR-000899,ДОСТАВКА И МОНТАЖ НА КОНТРОЛНА КЛЕМА,1.0,exact_match; unit_match,
395,169,"Направа на изкоп 0,80х0,40m, с обратно зариване и трамбоване","Направа на изкоп 0,80х0,40m, с обратно зариване и трамбоване",earthwork,review,known_operator_family_but_incomplete_or_incompatible_evidence,278,OPR-000153,"Направа изкоп 0,8/0,4",0.74,partial_overlap; unit_match; action_match; work_spec_incomplete:dim_len; incomplete_work_identity,
403,176,Доставка и монтаж на инвертор трифазен многострингов SUN-40K-SG01HP3,Доставка и монтаж на инвертор трифазен многострингов SUN-40K-SG01HP3,inverter,review,known_operator_family_but_incomplete_or_incompatible_evidence,183,OPR-000369,Въздухо-охлаждаем водо-охлаждащ агрегат за външен монтаж Gree LSQWRF60VM/NaA0M Инверторен чилър - Модулен въздухо-охлаждаем водоохлаждащ термопомпен агрегат DC Iverter за външнен монтаж с аксиални вентилатори с микропроцесорен контрол на работните режими Комплект с контролер - XE73-25/6 Температурен диапазон на работа в режим охлаждане: от -15°С до +52°С Температурен диапазон на работа в режим отопление: от -20°С до +40°С,0.74,partial_overlap; unit_match; action_match; work_scope_unknown; work_spec_incomplete:dim_len; work_spec_incomplete:angle_deg; incomplete_work_identity,
408,181,Изтегляне на кабели в монтирани тръби,Изтегляне на кабели в монтирани тръби,cable,review,known_operator_family_but_incomplete_or_incompatible_evidence,917,OPR-000156,Полагане и изтгляне на кабел НН до 240мм2,0.74,partial_overlap; unit_match; action_match; work_operation_unknown; incomplete_work_identity,
409,182,Полагане на соларни кабели открито по конструкция,Полагане на соларни кабели открито по конструкция,cable,review,known_operator_family_but_incomplete_or_incompatible_evidence,917,OPR-000156,Полагане и изтгляне на кабел НН до 240мм2,0.74,partial_overlap; unit_match; action_match; incomplete_work_identity,
410,183,Доставка на кабел СВТ5x25mm²,Доставка на кабел СВТ5x25mm²,cable,review,known_operator_family_but_incomplete_or_incompatible_evidence,917,OPR-000175,Полагане и изтегляне кабел СВТ 5х25мм2 в PVC тръба ф40мм по мазилка,0.74,strong_overlap; unit_match; spec_match; work_operation_unknown; work_scope_unknown; work_material_incomplete; work_spec_incomplete:dim_len; work_spec_incomplete:voltage; work_spec_incomplete:diameter; incomplete_work_identity,
412,185,Изтегляне на кабели в монтирани тръби,Изтегляне на кабели в монтирани тръби,cable,review,known_operator_family_but_incomplete_or_incompatible_evidence,917,OPR-000156,Полагане и изтгляне на кабел НН до 240мм2,0.74,partial_overlap; unit_match; action_match; work_operation_unknown; incomplete_work_identity,
418,189,Контрол на импедансът Zs на контур 'фаза-защитен проводник',Контрол на импедансът Zs на контур 'фаза-защитен проводник',cable,review,conflicting_prices,917,OPR-41202b3f-8c6f-4244-83cc-fba344cd19fd,Контрол на импедансът Zs на контур 'фаза-защитен проводник',1.0,exact_match; unit_match,
423,1,ПЕВП - PN10,ПЕВП - PN10,pipe,nonwork,work_heading_not_priceable,888,OPR2-000456,"Направа /доставка и монтаж/ на външна водопроводна инсталация с PE тръби PN10 ф32мм, вкл. фитинги и крепежни елементи",0.74,partial_overlap; unit_match; spec_match; work_operation_unknown; work_scope_unknown; work_spec_incomplete:dim_len; work_spec_incomplete:diameter; work_inclusions_incomplete; incomplete_work_identity,
424,,Ф63,ПЕВП - PN10; Ф63,pipe,review,known_operator_family_but_incomplete_or_incompatible_evidence,888,OPR-000271,Монтаж на полиетиленови тръби на челна заварка в открити изкопи ф 63 мм,0.74,partial_overlap; unit_match; spec_match; work_operation_unknown; work_spec_incomplete:dim_len; work_spec_incomplete:pressure; incomplete_work_identity,
426,2,Поцинковани тръби-Ф2'',Поцинковани тръби-Ф2'',pipe,review,known_operator_family_but_incomplete_or_incompatible_evidence,888,OPR-000926,"ДОСТАВКА И МОНТАЖ НА ПОЦИНКОВАНИ ТРЪБИ 2"", ВКЛ. ФАСОННИ ЧАСТИ И УКРЕПВАНЕ",0.74,partial_overlap; unit_match; work_operation_unknown; work_scope_unknown; work_spec_incomplete:diameter; work_inclusions_incomplete; incomplete_work_identity,
430,,Ф25,Полипропиленови тръби за студена вода - PN16; Ф25,pipe,review,known_operator_family_but_incomplete_or_incompatible_evidence,888,OPR-000267,Монтаж полипропиленови тръби на челна заварка в открити канали ф 25 мм,0.74,partial_overlap; unit_match; spec_match; work_operation_unknown; work_spec_incomplete:dim_len; work_spec_incomplete:pressure; incomplete_work_identity,
436,,Ф25,Полипропиленови тръби за топла вода - PN20; Ф25,pipe,review,known_operator_family_but_incomplete_or_incompatible_evidence,888,OPR-000267,Монтаж полипропиленови тръби на челна заварка в открити канали ф 25 мм,0.74,partial_overlap; unit_match; spec_match; work_operation_unknown; work_spec_incomplete:dim_len; work_spec_incomplete:pressure; incomplete_work_identity,
439,,Ф35,Изолация срещу конденз; Ф35,insulation,review,known_operator_family_but_incomplete_or_incompatible_evidence,393,OPR-000070,"Направа на топлоизолация ХPS, δ=2-4 cm, ширина до 30 сm с коеф. на топлопроводност λ≤0,035 W/mK покрай отвори във фасадата. За направа на топлоизолацията да се следват приложеният детайл и указанията на производителя като се ползват подходящо лепило, дюбели за топлоизолационни плочи метални предпазители за външни ъгли, еластична шпакловка и фибростъклена армировъчна мрежа.",0.29,partial_overlap; unit_match; thin_content_coverage; work_operation_unknown; work_location_incomplete; work_spec_incomplete:dim_len; work_spec_incomplete:diameter; work_spec_incomplete:wattage; incomplete_work_identity,
440,,Ф28,Изолация срещу конденз; Ф28,insulation,review,known_operator_family_but_incomplete_or_incompatible_evidence,393,OPR-000070,"Направа на топлоизолация ХPS, δ=2-4 cm, ширина до 30 сm с коеф. на топлопроводност λ≤0,035 W/mK покрай отвори във фасадата. За направа на топлоизолацията да се следват приложеният детайл и указанията на производителя като се ползват подходящо лепило, дюбели за топлоизолационни плочи метални предпазители за външни ъгли, еластична шпакловка и фибростъклена армировъчна мрежа.",0.29,partial_overlap; unit_match; thin_content_coverage; work_operation_unknown; work_location_incomplete; work_spec_incomplete:dim_len; work_spec_incomplete:diameter; work_spec_incomplete:wattage; incomplete_work_identity,
443,,Ф35,Топлозолация; Ф35,insulation,unmatched,known_operator_family_but_incomplete_or_incompatible_evidence,393,OPR-000070,"Направа на топлоизолация ХPS, δ=2-4 cm, ширина до 30 сm с коеф. на топлопроводност λ≤0,035 W/mK покрай отвори във фасадата. За направа на топлоизолацията да се следват приложеният детайл и указанията на производителя като се ползват подходящо лепило, дюбели за топлоизолационни плочи метални предпазители за външни ъгли, еластична шпакловка и фибростъклена армировъчна мрежа.",0.0,weak_overlap; unit_match; no_content_overlap; work_operation_unknown; work_location_incomplete; work_spec_incomplete:dim_len; work_spec_incomplete:diameter; work_spec_incomplete:wattage; incomplete_work_identity,
444,,Ф28,Топлозолация; Ф28,insulation,review,known_operator_family_but_incomplete_or_incompatible_evidence,393,OPR-000070,"Направа на топлоизолация ХPS, δ=2-4 cm, ширина до 30 сm с коеф. на топлопроводност λ≤0,035 W/mK покрай отвори във фасадата. За направа на топлоизолацията да се следват приложеният детайл и указанията на производителя като се ползват подходящо лепило, дюбели за топлоизолационни плочи метални предпазители за външни ъгли, еластична шпакловка и фибростъклена армировъчна мрежа.",0.0,weak_overlap; unit_match; no_content_overlap; work_operation_unknown; work_location_incomplete; work_spec_incomplete:dim_len; work_spec_incomplete:diameter; work_spec_incomplete:wattage; incomplete_work_identity,
458,11,"Комбиниран бойлер - виж част ОВК 11 ""Комбиниран бойлер - виж част ОВК Бойлер за слънчева инсталация, с  воден обем 500л, вертикален с една  медна серпентина, неръждавейка, с върхов ел. нагревател 6кВт, Ру 1 MPa, максимална допустима температура за съда 95ºС, макс. допустима температура за серпентината 200ºС, минимално тестово налягане за съда 12атс, за серпентината 38атс, максимално допустимо работно налягане за съда 10атс, за серпентината,  25атс, пробки са темп.сензори
"" бр. 1,00","Комбиниран бойлер - виж част ОВК 11 ""Комбиниран бойлер - виж част ОВК Бойлер за слънчева инсталация, с  воден обем 500л, вертикален с една  медна серпентина, неръждавейка, с върхов ел. нагревател 6кВт, Ру 1 MPa, максимална допустима температура за съда 95ºС, макс. допустима температура за серпентината 200ºС, минимално тестово налягане за съда 12атс, за серпентината 38атс, максимално допустимо работно налягане за съда 10атс, за серпентината,  25атс, пробки са темп.сензори
"" бр. 1,00",boiler,review,known_operator_family_but_incomplete_or_incompatible_evidence,41,OPR-000239,Доставка и монтаж комбиниран бойлер 260л,0.74,partial_overlap; unit_match; work_operation_unknown; work_scope_unknown; work_material_incomplete; work_spec_incomplete:power; work_spec_incomplete:inch_connection; incomplete_work_identity,
460,13,Смесител за кухненска мивка,Смесител за кухненска мивка,basin,review,known_operator_family_but_incomplete_or_incompatible_evidence,56,OPR-000277,"Смесителни батерии за тоалетни и кухненски мивки, стенни с месинг ръкохватка",0.74,strong_overlap; unit_match; incomplete_work_identity,
466,19,Циркулационна помпа,Циркулационна помпа,pump,review,conflicting_prices,52,OPR-000290,Циркулационна помпа,1.0,exact_match; unit_match,
469,,ф20,Точков компенсатор; ф20,compensator,review,known_operator_family_but_incomplete_or_incompatible_evidence,5,OPR-000360,Доставка и монтаж на компенсатор еластичен фланцеви DN 65,0.0,partial_overlap; unit_match; spec_conflict; thin_content_coverage; work_spec_conflict:diameter,
472,23,Укрепване тръбопроводи,Укрепване тръбопроводи,pipe,review,known_operator_family_but_incomplete_or_incompatible_evidence,888,OPR-000214,Монтаж на полиетиленови тръби на челна заварка в открити изкопи ф 75 мм,0.74,strong_overlap; unit_match; action_match; work_operation_unknown; work_material_incomplete; work_spec_incomplete:dim_len; work_spec_incomplete:diameter; incomplete_work_identity,
474,1,ПЕВП - Ф63 - включително изкоп и засипване,ПЕВП - Ф63 - включително изкоп и засипване,pipe,review,known_operator_family_but_incomplete_or_incompatible_evidence,888,OPR-000214,Монтаж на полиетиленови тръби на челна заварка в открити изкопи ф 75 мм,0.0,weak_overlap; unit_match; spec_conflict; no_content_overlap; work_operation_bundle_conflict; work_spec_conflict:diameter,
476,,СК ф2``,СК ф2``,,review,work_identity_or_context_unknown,0,,,0,,
480,4,Мрежест филтър ф2``,Мрежест филтър ф2``,strainer,review,known_operator_family_but_incomplete_or_incompatible_evidence,2,OPR2-000831,"Доставка и монтаж на мрежест филтър ∅1""",0.0,partial_overlap; unit_match; work_spec_conflict:diameter; work_spec_conflict:inch_connection,
481,5,Водомер (с дистанционно отчитане),Водомер (с дистанционно отчитане),water_meter,review,known_operator_family_but_incomplete_or_incompatible_evidence,35,OPR2-000832,Доставка и монтаж на водомер DN20 - Qз=4m3/h с възможност за дистанционно отчитане,0.74,strong_overlap; unit_match; work_operation_unknown; work_scope_unknown; work_spec_incomplete:dim_vol; work_spec_incomplete:diameter; work_spec_incomplete:flow_m3h; incomplete_work_identity,
482,6,Водомерна шахта - по детайл - включително изкоп и обратен насип,Водомерна шахта - по детайл - включително изкоп и обратен насип,water_meter,review,known_operator_family_but_incomplete_or_incompatible_evidence,35,OPR-000227,Шахта водомерна ф1500 сглоб.елемнти,0.0,partial_overlap; unit_match; domain_conflict:earthworks:plumbing; work_operation_unknown; work_spec_incomplete:diameter; work_inclusions_incomplete; incomplete_work_identity,
483,7,Опорен блок,Опорен блок,anchor_block,review,known_operator_family_but_incomplete_or_incompatible_evidence,2,OPR2-000825,Доставка и монтаж на опорен блок,0.74,strong_overlap; unit_match; work_operation_unknown; work_scope_unknown; incomplete_work_identity,
485,9,Сигнална лента водопровод,Сигнална лента водопровод,pipe,review,known_operator_family_but_incomplete_or_incompatible_evidence,888,OPR-000274,Водопровод в сгради от поц.тръби 2'',0.29,partial_overlap; unit_match; thin_content_coverage; work_spec_incomplete:inch_connection; incomplete_work_identity,
496,,ф50,PVC - тръби; ф50,pipe,review,compatible_reference_only_no_automatic_operator_price,888,OPR-000931,ДЕМОНТАЖ НА PVC ТРЪБИ В ПОДПОКРИВНОТО ПРОСТРАНСТВО,0.74,partial_overlap; unit_match; work_operation_unknown; work_spec_incomplete:diameter; incomplete_work_identity,WEB-PVC50
503,,ф100,Водосточни тръби; ф100,downpipe,review,known_operator_family_but_incomplete_or_incompatible_evidence,47,OPR2-000055,"Доставка и монтаж водосточни тръби от поцинкована ламарина до Ф100, укрепване и всички необходими дейности за монтажа",0.74,strong_overlap; unit_match; spec_match; work_operation_unknown; work_scope_unknown; work_material_incomplete; incomplete_work_identity,
508,,РШ 160/400 включително изкоп и обратен насип,РШ 160/400 включително изкоп и обратен насип,,review,work_identity_or_context_unknown,0,,,0,,
512,11,"Локално пречиствателно съоръжение - 1,2 m3/d - включително изкоп и засипване съгласно изискванията на фирмата производител.","Локално пречиствателно съоръжение - 1,2 m3/d - включително изкоп и засипване съгласно изискванията на фирмата производител.",treatment_plant,review,no_known_family_operator_price,0,,,0,,
520,1,"Доставка на Вътрешно тяло за VRF за високостенен монтаж Qох=2,2 kW Qот=2,5 kW , V=408 m3//h, р-ри WxDxH  837x308x189 mm","Доставка на Вътрешно тяло за VRF за високостенен монтаж Qох=2,2 kW Qот=2,5 kW , V=408 m3//h, р-ри WxDxH  837x308x189 mm",,review,conflicting_prices,0,,,0,,
521,2,"Доставка на Вътрешно тяло за VRF за високостенен монтаж Qох=3,6 kW Qот=4,0 kW , V=468 m3//h, р-ри WxDxH  837x308x189 mm","Доставка на Вътрешно тяло за VRF за високостенен монтаж Qох=3,6 kW Qот=4,0 kW , V=468 m3//h, р-ри WxDxH  837x308x189 mm",,review,conflicting_prices,0,,,0,,
522,3,"Доставка на Вътрешно тяло за VRF тип компактна касета 60х60 Qох=2,8 kW Qот=3,2 kW , V=450 m3//h, р-ри WxDxH  570x214x570 mm  декоративен панел.","Доставка на Вътрешно тяло за VRF тип компактна касета 60х60 Qох=2,8 kW Qот=3,2 kW , V=450 m3//h, р-ри WxDxH  570x214x570 mm  декоративен панел.",,review,work_identity_or_context_unknown,0,,,0,,
523,4,"Доставка на Вътрешно тяло за VRF тип компактна касета 60х60 Qох=3,6 kW Qот=4,0 kW , V=480 m3//h, р-ри WxDxH  570x214x570 mm  декоративен панел.","Доставка на Вътрешно тяло за VRF тип компактна касета 60х60 Qох=3,6 kW Qот=4,0 kW , V=480 m3//h, р-ри WxDxH  570x214x570 mm  декоративен панел.",,review,conflicting_prices,0,,,0,,
524,5,"Доставка на Вътрешно тяло за VRF тип компактна касета 60х60 Qох=4,5 kW Qот=5,0 kW , V=600 m3//h, р-ри WxDxH  570x214x570 mm  декоративен панел","Доставка на Вътрешно тяло за VRF тип компактна касета 60х60 Qох=4,5 kW Qот=5,0 kW , V=600 m3//h, р-ри WxDxH  570x214x570 mm  декоративен панел",,review,conflicting_prices,0,,,0,,
525,6,"Доставка на Външно тяло VRF термопомпа / двътръбно/ Qох=56 kW Qот=63 kW Nел=14.69 kW /380 V WxHxD-1240x1745x760 мм,300 кг, и метална конструкция , Ел. Нагревател на кондензната тава 230 V                                                                                         - включително отливане бетонен фундамент","Доставка на Външно тяло VRF термопомпа / двътръбно/ Qох=56 kW Qот=63 kW Nел=14.69 kW /380 V WxHxD-1240x1745x760 мм,300 кг, и метална конструкция , Ел. Нагревател на кондензната тава 230 V                                                                                         - включително отливане бетонен фундамент",heat_pump,review,conflicting_prices,273,OPR-c64419f7-fb2e-4215-928e-82356c9b414a,"Доставка на Външно тяло VRF термопомпа / двътръбно/ Qох=56 kW Qот=63 kW Nел=14.69 kW /380 V WxHxD-1240x1745x760 мм,300 кг, и метална конструкция , Ел. Нагревател на кондензната тава 230 V                                                                                         - включително отливане бетонен фундамент",1.0,exact_match; unit_match,
540,12,"Доставка на изолация за медна тръба  ф 6,35 с дебелина 6мм","Доставка на изолация за медна тръба  ф 6,35 с дебелина 6мм",insulation,nonwork,work_heading_not_priceable,393,OPR-7baac80d-461f-4d8b-9de8-a51539f8d342,"Доставка на изолация за медна тръба  ф 6,35 с дебелина 6мм",1.0,exact_match; unit_match,
541,13,"Доставка на изолация за медна тръба ф 9,52 с дебелина 6мм","Доставка на изолация за медна тръба ф 9,52 с дебелина 6мм",insulation,nonwork,work_heading_not_priceable,393,OPR-e586e434-bc48-4a1d-99f3-c22d438daec0,"Доставка на изолация за медна тръба ф 9,52 с дебелина 6мм",1.0,exact_match; unit_match,
542,14,"Доставка на изолация за медна тръба ф 12,7 с дебелина 6мм","Доставка на изолация за медна тръба ф 12,7 с дебелина 6мм",insulation,nonwork,work_heading_not_priceable,393,OPR-4c60eb66-fdcb-4502-a9c9-6804de920691,"Доставка на изолация за медна тръба ф 12,7 с дебелина 6мм",1.0,exact_match; unit_match,
543,15,"Доставка на изолация за медна тръба ф 15,88 с дебелина 6мм","Доставка на изолация за медна тръба ф 15,88 с дебелина 6мм",insulation,nonwork,work_heading_not_priceable,393,OPR-ff7c6978-75b4-4e85-8fd9-b15d6fc6e1ab,"Доставка на изолация за медна тръба ф 15,88 с дебелина 6мм",1.0,exact_match; unit_match,
544,16,"Доставка на изолация за медна тръба  ф 19,05 с дебелина 9мм","Доставка на изолация за медна тръба  ф 19,05 с дебелина 9мм",insulation,nonwork,work_heading_not_priceable,393,OPR-88edc82d-7d54-4d74-b392-05457e4049c1,"Доставка на изолация за медна тръба  ф 19,05 с дебелина 9мм",1.0,exact_match; unit_match,
545,17,"Доставка на изолация за медна тръба  ф 22,2 с дебелина 9мм","Доставка на изолация за медна тръба  ф 22,2 с дебелина 9мм",insulation,nonwork,work_heading_not_priceable,393,OPR-9cac85f2-0bbe-43d9-8ef3-54cd30d8cbab,"Доставка на изолация за медна тръба  ф 22,2 с дебелина 9мм",1.0,exact_match; unit_match,
546,18,"Доставка на изолация за медна тръба  ф 28,58  с дебелина 9мм","Доставка на изолация за медна тръба  ф 28,58  с дебелина 9мм",insulation,nonwork,work_heading_not_priceable,393,OPR-5e67aa8e-b943-4a6e-bfce-9751848e23fb,"Доставка на изолация за медна тръба  ф 28,58  с дебелина 9мм",1.0,exact_match; unit_match,
547,19,"Доставка на укрепващи скоби с гумено уплътнение за тръба ф6,35","Доставка на укрепващи скоби с гумено уплътнение за тръба ф6,35",fastener,review,known_operator_family_but_incomplete_or_incompatible_evidence,225,OPR-000529,Скоби за „спиро” въздуховод Ǿ250 mm,0.29,partial_overlap; unit_match; spec_conflict; thin_content_coverage; work_scope_unknown; work_spec_incomplete:dim_len; work_spec_incomplete:diameter; incomplete_work_identity,
551,23,"Доставка на укрепващи скоби с гумено уплътнение за тръба ф19,05","Доставка на укрепващи скоби с гумено уплътнение за тръба ф19,05",fastener,review,known_operator_family_but_incomplete_or_incompatible_evidence,225,OPR-000529,Скоби за „спиро” въздуховод Ǿ250 mm,0.29,partial_overlap; unit_match; spec_conflict; thin_content_coverage; work_scope_unknown; work_spec_incomplete:dim_len; work_spec_incomplete:diameter; incomplete_work_identity,
552,24,"Доставка на укрепващи скоби с гумено уплътнение за тръба ф22,2","Доставка на укрепващи скоби с гумено уплътнение за тръба ф22,2",fastener,review,known_operator_family_but_incomplete_or_incompatible_evidence,225,OPR-000529,Скоби за „спиро” въздуховод Ǿ250 mm,0.29,partial_overlap; unit_match; spec_conflict; thin_content_coverage; work_scope_unknown; work_spec_incomplete:dim_len; work_spec_incomplete:diameter; incomplete_work_identity,
553,25,"Доставка на укрепващи скоби с гумено уплътнение за тръба ф28,6","Доставка на укрепващи скоби с гумено уплътнение за тръба ф28,6",fastener,review,known_operator_family_but_incomplete_or_incompatible_evidence,225,OPR-000529,Скоби за „спиро” въздуховод Ǿ250 mm,0.29,partial_overlap; unit_match; spec_conflict; thin_content_coverage; work_scope_unknown; work_spec_incomplete:dim_len; work_spec_incomplete:diameter; incomplete_work_identity,
556,28,Доставка на управляващ кабел 3х 1 ~ 1.5 мм² в щлаух,Доставка на управляващ кабел 3х 1 ~ 1.5 мм² в щлаух,cable,review,known_operator_family_but_incomplete_or_incompatible_evidence,917,OPR-001008,Проводник ПВ А2 185 мм2,0.74,partial_overlap; unit_match; work_scope_unknown; work_spec_incomplete:dim_pair; incomplete_work_identity,
558,30,Монтаж на вътрешни тела,Монтаж на вътрешни тела,vrf_indoor_unit,review,conflicting_prices,2,OPR-9a3ff00f-5a2c-4b40-89c7-80ab596925da,Монтаж на вътрешни тела,1.0,exact_match; unit_match,
560,32,Монтаж на тръбен път,Монтаж на тръбен път,pipe,nonwork,work_heading_not_priceable,888,OPR-001028,"Монтаж на РVС тръби Ф110 в бетонов кожух, с дебелина на тръбитe мин. 3,2 мм",0.74,partial_overlap; unit_match; action_match; work_material_incomplete; work_spec_incomplete:dim_len; work_spec_incomplete:diameter; work_spec_incomplete:voltage; incomplete_work_identity,
561,33,Тестове за херметичност под високо налягане 35 bar с азот,Тестове за херметичност под високо налягане 35 bar с азот,pressure_test,nonwork,work_heading_not_priceable,1,OPR-881d1f2d-0c9e-4cee-bdb4-844a729ae10e,Тестове за херметичност под високо налягане 35 bar с азот,1.0,exact_match; unit_match,
562,34,Вакуумиране на системата - и протоколи,Вакуумиране на системата - и протоколи,evacuation,nonwork,work_heading_not_priceable,3,OPR-12ffa5cf-8e62-476c-9ad0-c0a15033e43e,Вакуумиране на системата - и протоколи,1.0,exact_match; unit_match,
566,2,"Доставка на Кръгъл канален вентилатор Vсм=300 m³/h, Р=150 Pa , р-ри D=379;d=159;L=230mm, RKA-160L,в комплект с  меки втъзки и управление","Доставка на Кръгъл канален вентилатор Vсм=300 m³/h, Р=150 Pa , р-ри D=379;d=159;L=230mm, RKA-160L,в комплект с  меки втъзки и управление",fan,review,known_operator_family_but_incomplete_or_incompatible_evidence,120,OPR-000403,"Доставка и монтаж на вентилаторен конвектор за подов монтаж с крачета KLIMA 2000 KFC 060 MV Qохл.=3.38 kW, Qoт=4.25 kW, Q=580+305 l/h, 220x1220x631 mm,80 W, G1/2”-4 бр , табло за управление, тава за конденз, допълнителен топлообменник,",0.0,partial_overlap; unit_match; spec_conflict; work_scope_conflict:material:supply_install; work_spec_conflict:dim_len,
568,4,Монтаж на канален вентилатор,Монтаж на канален вентилатор,fan,review,known_operator_family_but_incomplete_or_incompatible_evidence,120,OPR-000403,"Доставка и монтаж на вентилаторен конвектор за подов монтаж с крачета KLIMA 2000 KFC 060 MV Qохл.=3.38 kW, Qoт=4.25 kW, Q=580+305 l/h, 220x1220x631 mm,80 W, G1/2”-4 бр , табло за управление, тава за конденз, допълнителен топлообменник,",0.74,partial_overlap; unit_match; action_match; work_scope_unknown; work_spec_incomplete:dim_len; work_spec_incomplete:wattage; work_spec_incomplete:power; work_spec_incomplete:dim_pair; incomplete_work_identity,
569,5,Изработване и монтажна укрепваща конструкция за вент.камера,Изработване и монтажна укрепваща конструкция за вент.камера,camera,review,known_operator_family_but_incomplete_or_incompatible_evidence,90,OPR-9a2ebb5b-761d-45a5-aac7-53534ab28359,"Доставка на Вентилационна камера  за вътрешен монтаж, състояща се от: Филтри 2бр., Рекуператор  с Ееф=76 %, 2 бр.Вентилатори
 Vнг=1000m³/h,Рсв=110Pa,Vсм=1000 m³/h,Рсв=110Pa, топлообменник на директно изпарение(DX) с Qох=9kW, Qот=11,7 kW ( Захранване от VRF ), с функция за овлажняване- 5,4 kg/h, захранване с вода 0,2 bar-4,9 bar Ел.нагревател - 3,0 kW ∅250  в комплект с автоматика. ДхШхВ-1667x1140x365 mm, 115kg",0.74,partial_overlap; unit_match; action_match; work_operation_unknown; work_scope_unknown; work_spec_incomplete:dim_len; work_spec_incomplete:flow_m3h; work_spec_incomplete:dim_vol; work_spec_incomplete:pressure_pa; work_spec_incomplete:voltage; work_spec_incomplete:diameter; work_spec_incomplete:power; incomplete_work_identity,
572,1,Направа и монтаж на правоъгълен въздуховод прав на фланци от поцинкована ламарина с периметър до 1200 мм,Направа и монтаж на правоъгълен въздуховод прав на фланци от поцинкована ламарина с периметър до 1200 мм,duct,review,known_operator_family_but_incomplete_or_incompatible_evidence,118,OPR2-000282,"Демонтаж въздуховоди от стара вентилационна система, включително натоварване и извозване на отпадъците вкл.такса депониране на регламентирано сметище",0.0,partial_overlap; unit_match; action_conflict; thin_content_coverage; work_operation_bundle_conflict,
577,6,"Доставка и монтаж на кръгъл въздуховод Ø160, вкл. фасонни части","Доставка и монтаж на кръгъл въздуховод Ø160, вкл. фасонни части",duct,review,known_operator_family_but_incomplete_or_incompatible_evidence,118,OPR-000520,"Въздуховод метален тип „спиро”, Ǿ 250 mm",0.29,partial_overlap; unit_match; thin_content_coverage; work_operation_unknown; work_scope_unknown; work_spec_incomplete:dim_len; work_spec_incomplete:diameter; work_inclusions_incomplete; incomplete_work_identity,
579,8,Доставка укрепваща констрикция скоби за въздуховод Ø250,Доставка укрепваща констрикция скоби за въздуховод Ø250,fastener,nonwork,work_heading_not_priceable,225,OPR-3ba31eff-27d9-4bb5-9b48-d845b17455d0,Доставка укрепваща констрикция скоби за въздуховод Ø250,1.0,exact_match; unit_match,
583,12,Доставка и монтаж на конусен смукател DVS100,Доставка и монтаж на конусен смукател DVS100,diffuser,review,known_operator_family_but_incomplete_or_incompatible_evidence,11,OPR-000526,"Конусен смукателен вентил с регулируем централен конус и монтажна рамка DVS 100, Q=90 m3/h",0.74,strong_overlap; unit_match; action_match; work_operation_unknown; work_scope_unknown; work_spec_incomplete:dim_vol; work_spec_incomplete:flow_m3h; incomplete_work_identity,
589,18,Доставка на укрепваща конструкция,Доставка на укрепваща конструкция,,nonwork,work_heading_not_priceable,0,,,0,,
590,19,Пуск и наладка на инсталациите - протоколи,Пуск и наладка на инсталациите - протоколи,commissioning,nonwork,work_heading_not_priceable,6,OPR-a0d7182c-25ba-4ce2-837e-39bac4bde3ad,Пуск и наладка на инсталациите - протоколи,1.0,exact_match; unit_match,
593,2,Новопроектирана бетонна рампа 6%,Новопроектирана бетонна рампа 6%,ramp,review,conflicting_prices,3,OPR-0c2fbeb7-6167-4757-88c4-a7d0d8960bd0,Новопроектирана бетонна рампа 6%,1.0,exact_match; unit_match,
594,3,Новопроектирана бетонна настилка,Новопроектирана бетонна настилка,concrete_floor,review,known_operator_family_but_incomplete_or_incompatible_evidence,16,OPR2-000198,"Шлайфане на бетонова настилка (без материал), полагане на повърхностен втвърдител",0.29,partial_overlap; unit_match; thin_content_coverage; work_scope_unknown; work_exclusions_incomplete; incomplete_work_identity,
597,6,Кофраж за външни стълби - новопроектирани,Кофраж за външни стълби - новопроектирани,formwork,review,known_operator_family_but_incomplete_or_incompatible_evidence,132,OPR-000053,Кофраж за ст.б.стъпала,0.74,partial_overlap; unit_match; incomplete_work_identity,
598,7,Бетон за външни стълби - новопроектирани,Бетон за външни стълби - новопроектирани,concrete,review,known_operator_family_but_incomplete_or_incompatible_evidence,317,OPR-000054,Доставка и полагане на бетон С 20/25 за ст.б.стъпала,0.74,partial_overlap; unit_match; work_operation_unknown; work_scope_unknown; work_spec_incomplete:dim_pair; incomplete_work_identity,
599,8,Отводнителни решетки - новопроектирани,Отводнителни решетки - новопроектирани,drain_grate,review,no_known_family_operator_price,0,,,0,,
